title,text,label,type
ข่าวปลอม อย่าแชร์! เลือดของผู้ที่ฉีดวัคซีนโควิด 19 มีสีดำคล้ำ ไม่สามารถนำไปใช้รักษาผู้ป่วยได้,"ตามที่มีข้อความปรากฏในช่องทางออนไลน์เรื่องเลือดของผู้ที่ฉีดวัคซีนโควิด 19 มีสีดำคล้ำ ไม่สามารถนำไปใช้รักษาผู้ป่วยได้ ทางศูนย์ต่อต้านข่าวปลอมได้ดำเนินการตรวจสอบข้อเท็จจริงกับทางสภากาชาดไทย พบว่าประเด็นดังกล่าวนั้น เป็นข้อมูลเท็จ
กรณีที่มีการโพสต์ข้อความโดยระบุว่าเลือดของผู้ที่ฉีดวัคซีนโควิด 19 มีสีดำคล้ำ ไม่สามารถนำไปใช้รักษาผู้ป่วยได้ ทางสภากาชาดไทย ได้ตรวจสอบข้อมูลและชี้แจงว่าผู้ที่ได้รับการฉีดวัคซีนโควิด 19 จะฉีดเข้าที่กล้ามเนื้อ และร่างกายจะเปลี่ยนแปลงเป็นภูมิคุ้มกัน เช่นเดียวกับการฉีดวัคซีนชนิดอื่น ๆ อาทิ วัคซีนไข้หวัดใหญ่ ซึ่งไม่ทำให้สีของโลหิตมีสีดำคล้ำ และเกิดการเปลี่ยนแปลงสีแต่อย่างใด เพราะโลหิตเป็นของเหลว “สีแดง” ที่ไหลเวียนอยู่ภายในหลอดเลือดทั่วร่างกาย เกิดจากฮีโมโกลบิล ทำหน้าที่ในการนำออกซิเจนจากปอดไปยังส่วนต่าง ๆ ของร่างกาย และนำคาร์บอนไดออกไซค์จากส่วนต่าง ๆ ของร่างกายไปขับออกที่ปอด ทำให้เม็ดเลือดแดงในหลอดเลือดแดงมีระดับออกซิเจนปริมาณสูง เลือดจึงมีสีแดงสด
ส่วนเม็ดเลือดแดงในหลอดเลือดดำมีปริมาณออกซิเจนลดลง และมีปริมาณคาร์บอนไดออกไซค์สูงกว่า เลือดจึงมีสีแดงคล้ำเมื่อบริจาคโลหิตแต่ละครั้ง เจ้าหน้าที่จะเจาะเก็บโลหิตจากข้อพับแขนที่เส้นเลือดดำ ทำให้โลหิตบริจาคมีสีแดงคล้ำกว่าเส้นเลือดจากหลอดเลือดแดง เป็นปกติของทุกคน

ดังนั้นขอให้ประชาชนอย่าหลงเชื่อข้อมูลดังกล่าว และขอความร่วมมือไม่ส่ง หรือแชร์ข้อมูลดังกล่าวต่อในช่องทางสื่อสังคมออนไลน์ต่าง ๆ และเพื่อให้ประชาชนได้รับข้อมูลข่าวสารจากสภากาชาดไทย สามารถติดตามได้ที่เว็บไซต์ www.redcross.or.th หรือโทร. 1664
บทสรุปของเรื่องนี้คือ : ผู้ที่ได้รับการฉีดวัคซีนโควิด 19 จะฉีดเข้าที่กล้ามเนื้อ และร่างกายจะเปลี่ยนแปลงเป็นภูมิคุ้มกัน เช่นเดียวกับการฉีดวัคซีนชนิดอื่น ๆ ซึ่งไม่ทำให้สีของโลหิตมีสีดำคล้ำและเกิดการเปลี่ยนแปลงสีแต่อย่างใด สามารถบริจาคโลหิตได้ และไม่เป็นอันตรายต่อผู้รับโลหิต",fake,covid-19
สธ. สั่งทุกรพ. เปิดจุดฉีดวัคซีนโควิด 19 กลุ่มเสี่ยง 608 จริงหรือ?,ตามที่มีข้อมูลในสื่อต่าง ๆ เกี่ยวกับประเด็นเรื่องสธ. สั่งทุกรพ. เปิดจุดฉีดวัคซีนโควิด 19 กลุ่มเสี่ยง 608 ทางศูนย์ต่อต้านข่าวปลอมได้ดำเนินการตรวจสอบข้อเท็จจริงโดยสำนักงานปลัดกระทรวงสาธารณสุข กระทรวงสาธารณสุข พบว่าประเด็นดังกล่าวนั้น เป็นข้อมูลจริง,real,covid-19
ข่าวปลอม อย่าแชร์! ผู้ที่ดื่มเครื่องดื่มแอลกอฮอล์ จะไม่ติดเชื้อโควิด 19 และดื่มทุกวันจะให้ผลดีกว่าการออกกำลังกาย,"ตามที่มีข้อความในประเด็นเรื่องผู้ที่ดื่มเครื่องดื่มแอลกอฮอล์ จะไม่ติดเชื้อโควิด 19 และดื่มทุกวันจะให้ผลดีกว่าการออกกำลังกาย ทางศูนย์ต่อต้านข่าวปลอมได้ดำเนินการตรวจสอบข้อเท็จจริงโดยกรมการแพทย์ กระทรวงสาธารณสุข พบว่าประเด็นดังกล่าวนั้น เป็นข้อมูลเท็จ
จากกรณีที่มีการแนะนำระบุว่าผู้ที่ดื่มเครื่องดื่มแอลกอฮอล์ จะไม่ติดเชื้อโควิด 19 และดื่มทุกวันจะให้ผลดีกว่าการออกกำลังกาย ทางกรมการแพทย์ กระทรวงสาธารณสุข ได้ตรวจสอบข้อมูลและชี้แจงว่าผู้ที่ดื่มแอลกอฮอล์เป็นประจำจะทำให้ภูมิคุ้มกันร่างกายลดลง ทำให้เม็ดเลือดขาวทำงานฆ่าเชื้อโรคในร่างกายได้ไม่เต็มที่ มีโอกาสติดเชื้อต่าง ๆ ได้ง่ายขึ้น รวมไปถึงการติดเชื้อโควิด 19 ด้วย ทั้งนี้ การรวมกลุ่มเพื่อดื่มสังสรรค์จะเพิ่มความเสี่ยงให้เกิดการแพร่ระบาดมากยิ่งขึ้น อีกทั้งยังพบผู้ป่วยที่มีประวัติดื่มสุรา ติดเชื้อโควิด 19 และเข้ารับการรักษา  
ทำให้ผู้ป่วยติดเชื้อโควิด 19 ที่มีอาการถอนสุรารุนแรง ต้องสังเกตอาการใกล้ชิด บางรายต้องใช้เครื่องให้ออกซิเจนอัตราการไหลสูง พบมีความเสี่ยงต้องใส่ท่อช่วยหายใจ และเสียชีวิตสูงเมื่อเทียบกับคนไข้ที่ไม่มีประวัติดื่มแอลกอฮอล์ 

ดังนั้นขอให้ประชาชนอย่าหลงเชื่อข้อมูลดังกล่าว และขอความร่วมมือไม่ส่ง หรือแชร์ข้อมูลดังกล่าวต่อในช่องทางสื่อสังคมออนไลน์ต่าง ๆ และเพื่อให้ประชาชนได้รับข้อมูลข่าวสารจากกรมการแพทย์ กระทรวงสาธารณสุข สามารถติดตามได้ที่เว็บไซต์ www.dms.go.th หรือโทร. 02-590-6000
บทสรุปของเรื่องนี้คือ : ผู้ที่ดื่มแอลกอฮอล์เป็นประจำจะทำให้ภูมิคุ้มกันร่างกายลดลงทำให้เม็ดเลือดขาวทำงานฆ่าเชื้อโรคในร่างกายได้ไม่เต็มที่ มีโอกาสติดเชื้อต่าง ๆ และเสียชีวิตสูงเมื่อเทียบกับคนไข้ที่ไม่มีประวัติดื่มแอลกอฮอล์",fake,covid-19
ข่าวปลอม อย่าแชร์! อาการเตือนการติดเชื้อโควิด 19 แบบวันต่อวันจากกระทรวงสาธารณสุข,"ตามที่มีการส่งต่อข้อมูลเกี่ยวกับประเด็นอาการเตือนการติดเชื้อโควิด 19 แบบวันต่อวันจากกระทรวงสาธารณสุข ทางศูนย์ต่อต้านข่าวปลอมได้ดำเนินการตรวจสอบข้อเท็จจริงกับทางสำนักงานปลัดกระทรวงสาธารณสุข กระทรวงสาธารณสุข พบว่าประเด็นดังกล่าวนั้น เป็นข้อมูลเท็จ
กรณีการโพสต์และแชร์ข้อความถึงอาการเตือนของการติดเชื้อโควิด 19 แบบวันต่อวัน และมีการระบุถึงสายพันธุ์ B.1.1.7 พร้อมกล่าวว่าข้อมูลดังกล่าวสรุปจากกระทรวงสาธารณสุขนั้น ทางสำนักงานปลัดกระทรวงสาธารณสุข กระทรวงสาธารณสุข ได้ตรวจสอบข้อมูลและชี้แจงว่ากระทรวงสาธารณสุขไม่ได้เป็นผู้ให้ข้อมูลดังกล่าว และจากการตรวจสอบพบว่าสายพันธุ์ B.1.1.7 ซึ่งก็คือ สายพันธุ์อัลฟาที่เคยระบาดในประเทศไทยเมื่อปี 2564 เป็นการนำข่าวปลอมเดิมกลับมาปรับแต่งแล้วแชร์ใหม่ ขอให้กับประชาชนอย่าหลงเชื่อและควรตรวจสอบข้อมูลก่อนแชร์ทุกครั้ง เพื่อไม่ให้เกิดความตื่นตระหนก
โดยการระบาดของโรคโควิด 19 ในประเทศไทยขณะนี้ ส่วนใหญ่เป็นสายพันธุ์โอมิครอน ซึ่งมีการแพร่กระจายเชื้อได้เร็วกว่าสายพันธ์อื่น ผู้ติดเชื้อมักไม่มีอาการหรือมีอาการเล็กน้อย ทำให้อาจติดเชื้อและแพร่เชื้อสู่ผู้อื่นได้โดยไม่รู้ตัว ดังนั้นสิ่งสำคัญคือการเข้มการป้องกันโควิด 19 ตามมาตรการ 2U คือ Universal Prevention มาตรการป้องกันโรคส่วนบุคคล เว้นระยะห่าง ล้างมือบ่อย ๆ หากต้องพบผู้อื่นให้สวมหน้ากากตลอดเวลาเพื่อลดความเสี่ยง ตรวจ ATK ทันทีเมื่อมีอาการป่วย และ Universal Vaccination ฉีดวัคซีนป้องกันโรคโควิด 19 ให้ครบ 3 เข็ม และฉีดเข็มกระตุ้นทุก 4 เดือน โดยเฉพาะกลุ่มผู้สูงอายุ 60 ปีขึ้นไป ผู้ที่มีโรคประจำตัวเรื้อรัง ซึ่งการฉีดวัคซีนเข็มกระตุ้นจะเป็นปัจจัยสำคัญช่วยลดการป่วยอาการหนักและเสียชีวิตได้

ดังนั้นขอให้ประชาชนอย่าหลงเชื่อข้อมูลดังกล่าว และขอความร่วมมือไม่ส่ง หรือแชร์ข้อมูลดังกล่าวต่อในช่องทางสื่อสังคมออนไลน์ต่างๆ และเพื่อให้ประชาชนได้รับข้อมูลข่าวสารจากทางกระทรวงสาธารณสุขสามารถติดตามได้ที่เว็บไซต์ https://www.moph.go.th หรือโทร 02-590-1000
บทสรุปของเรื่องนี้คือ : เป็นการนำข่าวปลอมเดิมกลับมาปรับแต่งแล้วแชร์ใหม่ โดยกระทรวงสาธารณสุขไม่ได้เป็นผู้ให้ข้อมูลดังกล่าว อีกทั้งปัจจุบันการระบาดส่วนใหญ่เป็นสายพันธุ์โอมิครอน",fake,covid-19
ข่าวปลอม อย่าแชร์! ยาฆ่าเชื้อพยาธิ Ivermectin ใช้รักษาโควิด 19 ได้,"ตามที่มีการเผยแพร่ข้อมูลในสื่อออนไลน์ต่าง ๆ เกี่ยวกับประเด็นเรื่องยาฆ่าเชื้อพยาธิ Ivermectin ใช้รักษาโควิด 19 ได้ ทางศูนย์ต่อต้านข่าวปลอมได้ดำเนินการตรวจสอบข้อเท็จจริงกับสำนักงานคณะกรรมการอาหารและยา กระทรวงสาธารณสุข พบว่าประเด็นดังกล่าวนั้น เป็นข้อมูลเท็จ
จากที่มีการบอกต่อข้อมูลว่ายาฆ่าเชื้อพยาธิ Ivermectin ใช้รักษาโควิด 19 ได้ ทางสำนักงานคณะกรรมการอาหารและยา กระทรวงสาธารณสุข ได้ตรวจสอบข้อมูลและชี้แจงว่ายา Ivermectin ยังมีข้อมูลการศึกษาด้านประสิทธิภาพในการรักษาโรคติดเชื้อโควิด 19 ไม่เพียงพอ จึงยังไม่สามารถสรุปถึงประสิทธิภาพในการรักษาโรคติดเชื้อโควิด 19 และยังไม่สามารถกำหนดแนวทางการใช้ยา Ivermectin ในการรักษาโรคติดเชื้อวิด 19 ได้
ทั้งนี้ โรคติดเชื้อโควิด 19 เกิดจากเชื้อไวรัส Severe Acute Respiratory Syndrome Coronavirus (SARs-CoV-2) และยา Ivermectin เป็นยาที่ได้รับการรับรองให้ใช้ในการรักษาโรคติดเชื้อจากหนอนพยาธิตัวกลม แต่ยังไม่ได้รับการรับรองให้ใช้ในการรักษาการติดเชื้อไวรัสแต่อย่างใด โดยองค์การอนามัยโลกให้ใช้เฉพาะการศึกษาวิจัยทางคลินิกกับผู้ติดเชื้อโควิด 19 เท่านั้น

ดังนั้นขอให้ประชาชนอย่าหลงเชื่อข้อมูลดังกล่าว และขอความร่วมมือไม่ส่ง หรือแชร์ข้อมูลดังกล่าวต่อในช่องทางสื่อสังคมออนไลน์ต่าง ๆ และเพื่อให้ประชาชนได้รับข้อมูลข่าวสารเกี่ยวกับผลิตภัณฑ์ทางด้านสุขภาพ สามารถติดตามได้ที่เว็บไซต์ www.fda.moph.go.th หรือโทรสายด่วน 1556
บทสรุปของเรื่องนี้คือ : ยา Ivermectin ยังมีข้อมูลการศึกษาด้านประสิทธิภาพในการรักษาโรคติดเชื้อโควิด 19 ไม่เพียงพอ จึงยังไม่สามารถสรุปถึงประสิทธิภาพในการรักษาโรคติดเชื้อโควิด 19 และยังไม่สามารถกำหนดแนวทางการใช้ยา Ivermectin ในการรักษาโรคติดเชื้อวิด 19 ได้",fake,covid-19
ศูนย์ฉีดวัคซีนโควิด 19 กทม. อาคารกีฬาเวสน์ 1 จะเปิดให้บริการถึงเดือนพ.ย. จริงหรือ ?,"ตามที่มีข้อมูลในสื่อต่าง ๆ เกี่ยวกับประเด็นเรื่องศูนย์ฉีดวัคซีนโควิด 19 กทม. อาคารกีฬาเวสน์ 1 จะเปิดให้บริการถึงเดือนพ.ย. ทางศูนย์ต่อต้านข่าวปลอมได้ดำเนินการตรวจสอบข้อเท็จจริงโดยสำนักงานประชาสัมพันธ์ กรุงเทพมหานคร พบว่าประเด็นดังกล่าวนั้น เป็นข้อมูลจริง
ศูนย์ฉีดวัคซีนป้องกันโรคโควิด 19 กรุงเทพมหานคร ณ อาคารกีฬาเวสน์ 1 ศูนย์เยาวชนกรุงเทพมหานคร (ไทย – ญี่ปุ่น) เขตดินแดง ได้เปิดให้บริการแก่ผู้มีอายุ 5 ปีขึ้นไป ทุกสัญชาติ สำหรับวัคซีนทุกเข็ม ดังนี้
– เปิดให้บริการทุกวัน ถึงวันที่ 31 ตุลาคม 2565
– ส่วนในเดือนพฤศจิกายน จะเปิดให้บริการเฉพาะวันเสาร์ – อาทิตย์ และจะหยุดให้บริการเป็นเดือนสุดท้าย
– ผู้ประสงค์รับวัคซีนสามารถเข้ารับบริการได้โดยจองผ่านแอป QueQ หรือวอล์คอิน (Walk in) ระหว่างเวลา 08.00 – 16.00 น.
– ผู้สูงอายุ 60 ปีขึ้นไป ผู้มีโรคประจำตัว 7 กลุ่มโรค และหญิงตั้งครรภ์ ควรเข้ารับบริการฉีดวัคซีนป้องกันโรคโควิด 19 เพื่อสร้างภูมิคุ้มกัน ลดความรุนแรงของอาการ และลดโอกาสการเสียชีวิต
แม้ฉีดวัคซีนแล้วยังคงต้องรักษาสุขภาพต่อเนื่อง สวมหน้ากากอนามัยเมื่ออยู่ในพื้นที่ที่มีความแออัดสูง และหมั่นล้างมือเพื่อป้องกันเชื้อโรค

ทั้งนี้ เพื่อให้ประชาชนได้รับข้อมูลข่าวสารจากสำนักงานประชาสัมพันธ์ กรุงเทพมหานคร สามารถติดตามได้ที่เว็บไซต์ https://www.prbangkok.com/th หรือโทร 0-2221-2141-69",real,covid-19
ผู้ประกันตนติดโควิด 19 สามารถเลือกรักษาระบบ Telemedicine ผ่าน 3 แอปฯ ได้แล้ว จริงหรือ?,"ตามที่มีการแชร์ข้อมูลในสื่อต่างๆ เกี่ยวกับประเด็นเรื่องผู้ประกันตนติดโควิด 19 สามารถเลือกรักษาระบบ Telemedicine ผ่าน 3 แอปฯ ได้แล้ว ทางศูนย์ต่อต้านข่าวปลอมได้ดำเนินการตรวจสอบข้อเท็จจริงโดยสำนักงานหลักประกันสุขภาพแห่งชาติ (สปสช.) กระทรวงสาธารณสุข พบว่าประเด็นดังกล่าวนั้น เป็นข้อมูลจริง
สปสช. ให้บริการผู้ป่วยโควิด 19 สิทธิหลักประกันสุขภาพ 30 บาท หรือสิทธิบัตรทอง และสิทธิพนักงานส่วนท้องถิ่น ผ่านระบบการแพทย์ทางไกล ร่วมกับ บริษัท กู๊ด ด็อกเตอร์ เทคโนโลยี (ประเทศไทย) ผู้ให้บริการแอปพลิเคชัน Good Doctor Technology และ ทรู เฮลท์ บริษัท ทรู ดิจิทัล กรุ๊ป จำกัด ผู้พัฒนาแอปพลิเคชัน MorDee (หมอดี) และบริษัท คลิกนิก เฮลท์ จำกัด ผู้ให้บริการแอปพลิเคชัน Clicknic (คลิกนิก) ตั้งแต่วันที่ 11 กรกฎาคม 2565 ที่ผ่านมา และสวัสดิการข้าราชการ เมื่อ 6 สิงหาคม 2565
ล่าสุดสำนักงานประกันสังคม ได้ออกประกาศหลักเกณฑ์การดูแลผู้ติดเชื้อโควิดฉบับใหม่ (ประกาศคณะกรรมการการแพทย์ตามพระราชบัญญัติประกันสังคม เรื่อง หลักเกณฑ์ และอัตราค่าบริการทางการแพทย์กรณีโรคติดเชื้อไวรัสโคโรนา 2019 หรือโรคโควิด 19) โดยครอบคลุมถึงการให้บริการระบบการแพทย์ทางไกล ซึ่งจะทำให้ผู้ประกันตนที่เป็นผู้ป่วยโควิดสามารถเข้ารับบริการระบบการแพทย์ทางไกล ที่ สปสช. ดำเนินการร่วมกับผู้ให้บริการระบบการแพทย์ทางไกลทั้ง 3 แอปพลิเคชันได้ เช่นเดียวกับผู้ป่วยโควิดสิทธิบัตรทองและสิทธิสวัสดิการข้าราชการ ตั้งแต่ 15 สิงหาคม 2565 เป็นต้นไป

ทั้งนี้ เพื่อให้ประชาชนได้รับข้อมูลข่าวสารจากสำนักงานหลักประกันสุขภาพแห่งชาติ (สปสช.) สามารถติดตามได้ที่เว็บไซต์ www.nhso.go.th หรือโทรสายด่วน 1330 หรือเพิ่มเพื่อนไลน์กับ สปสช. พิมพ์ @nhso สอบถามข้อมูล",real,covid-19
ข่าวปลอม อย่าแชร์! รายชื่อยาทั้ง 6 ชนิด ที่ควรซื้อติดบ้านไว้รักษาโควิด 19 ด้วยตัวเอง,"ตามที่ได้มีการส่งต่อข้อมูลในประเด็นเรื่องรายชื่อยาทั้ง 6 ชนิด ที่ควรซื้อติดบ้านไว้รักษาโควิด 19 ด้วยตัวเอง ทางศูนย์ต่อต้านข่าวปลอมได้ดำเนินการตรวจสอบข้อเท็จจริงโดยกรมการแพทย์ กระทรวงสาธารณสุข พบว่าประเด็นดังกล่าวนั้น เป็นข้อมูลเท็จ
จากกรณีที่มีการส่งต่อข้อมูลเรื่องยารักษาโควิด 19 ที่ต้องเตรียมไว้เพื่อรักษาตนเองที่บ้าน 6 ชนิด คือ ยาพาราเซตามอล แอมบรอกซอล เดกซ์โทรเมทอร์แฟน คลอเฟนิรามีน วิตามินซี และฟ้าทะลายโจรนั้น ทางกรมการแพทย์ กระทรวงสาธารณสุข ได้ตรวจสอบเรื่องดังกล่าวและชี้แจงว่าผู้ป่วยโควิด 19 ที่ต้องการเข้าร่วมโครงการ home isolation ต้องได้รับการอนุญาตจากแพทย์เท่านั้น โดยการจ่ายยารักษาผู้ป่วยที่กักตัวที่บ้านเป็นไปตามที่แพทย์ประเมินอาการรายบุคคล เพราะการรับประทานยาเอง อาจทำให้เกิดอันตรายจากภาวะแทรกซ้อนของยาได้
ซึ่งกรมการแพทย์เผยแพร่แนวทาง Home isolation (การแยกกักตัวที่บ้าน) เป็นแนวทางสำหรับผู้ป่วยโควิด 19 ที่ระหว่างรอ admit โรงพยาบาล แพทย์พิจารณาว่ารักษาที่บ้านได้ และรักษาที่โรงพยาบาลหรือสถานที่รัฐจัดให้อย่างน้อย 10 วันและจำหน่ายกลับบ้านเพื่อรักษาต่อเนื่องที่บ้านโดยวิธี Home isolation
ส่วนผู้ที่เข้าเกณฑ์การทำ Home isolation ประกอบด้วย 
1.เป็นผู้ติดเชื้อที่สบายดีหรือ ไม่มีอาการ (asymptomatic cases) 
2.มีอายุน้อยกว่า 60 ปี 
3.มีสุขภาพร่างกายแข็งแรง 
4.อยู่คนเดียว หรือ มีผู้อยู่ร่วมที่พักไม่เกิน 1คน

ไม่มีภาวะอ้วน (ภาวะอ้วน หมายถึง ดัชนีมวลกาย > 3030กก./ม.2 หรือ น้ำหนักตัว > 90 กก.) 

6.ไม่มีโรคร่วม ดังต่อไปนี้ โรคปอดอุดกั้นเรื้อรัง (COPD) โรคไตเรื้อรัง (CKD Stage 3,4 ) โรคหัวใจและหลอดเลือด โรคหลอดเลือดสมอง เบาหวานที่ควบคุมไม่ได้ หรือโรคอื่นๆตามดุลยพินิจของแพทย์ 
7.ยินยอมแยกตัวในที่พักของตนเอง

ดังนั้นขอให้ประชาชนอย่าหลงเชื่อข้อมูลดังกล่าว และขอความร่วมมือไม่ส่ง หรือแชร์ข้อมูลดังกล่าวต่อในช่องทางสื่อสังคมออนไลน์ต่าง ๆ เพื่อให้ประชาชนได้รับข้อมูลข่าวสารจากกรมการแพทย์ สามารถติดตามได้ที่ www.dms.go.th หรือโทร 02 5906000
บทสรุปของเรื่องนี้คือ : ผู้ป่วยโควิด 19 ที่ต้องการเข้าร่วมโครงการ home isolation ต้องได้รับการอนุญาตจากแพทย์เท่านั้น โดยการจ่ายยารักษาผู้ป่วยที่กักตัวที่บ้านเป็นไปตามที่แพทย์ประเมินอาการรายบุคคล เพราะการรับประทานยาเอง อาจทำให้เกิดอันตราย จากภาวะแทรกซ้อนของยาได้",fake,covid-19
 อย่าแชร์!  ทานเนื้อวัว นมวัว ประจำเลือดมักเป็นกรด จะทำให้เชื้อไวรัสโควิด 19 เจริญเติบโตได้เป็นอย่างดี,"กรณีการเผยแพร่ข้อมูลว่าผู้ที่ทานเนื้อวัว นมวัวเป็นประจำทำให้เลือดในร่างกายเป็นกรด ซึ่งเมื่อเจอกับเชื้อไวรัสโควิด 19 ทำให้เชื้อเติบโตได้เป็นอย่างดีนั้น ทางสำนักโภชนาการ กรมอนามัย กระทรวงสาธารณสุข ได้ตรวจสอบเรื่องดังกล่าวและชี้แจงว่าความเป็นกรดด่างของเลือด ไม่ได้มีการเปลี่ยนแปลงได้ง่ายด้วยการรับประทานอาหารเพียงอย่างเดียว ระบบการทำงานร่างกายจะมีกลไกการควบคุมอวัยวะในร่างกายให้ทำงานได้ตามปกติ การกินอาหารที่เป็นกรดหรือด่าง จึงไม่สามารถที่จะลดหรือทำลายไวรัสโควิดในร่างกายได้

โดยข้อมูลข้างต้นไม่เป็นความจริง และทำให้เกิดความเข้าใจผิดในการรับประทานอาหาร เนื้อวัวและนมวัว ซึ่งควรกินอาหารให้ครบ 5 หมู่ แต่ละหมู่ให้หลากหลาย ปริมาณ สัดส่วนที่เหมาะสม มีคุณค่าทางโภชนาการครบถ้วน เพียงพอ มีสุขอนามัยส่วนบุคคลที่ดี ร่วมกับการออกกำลังกายอย่างเหมาะสมและสม่ำเสมอ นอนหลับพักผ่อนให้เพียง",fake,covid-19
ทานเนื้อวัว นมวัว ประจำเลือดมักเป็นกรด จะทำให้เชื้อไวรัสโควิด 19 เจริญเติบโตได้เป็นอย่างดี,"กรณีการเผยแพร่ข้อมูลว่าผู้ที่ทานเนื้อวัว นมวัวเป็นประจำทำให้เลือดในร่างกายเป็นกรด ซึ่งเมื่อเจอกับเชื้อไวรัสโควิด 19 ทำให้เชื้อเติบโตได้เป็นอย่างดีนั้น ทางสำนักโภชนาการ กรมอนามัย กระทรวงสาธารณสุข ได้ตรวจสอบเรื่องดังกล่าวและชี้แจงว่าความเป็นกรดด่างของเลือด ไม่ได้มีการเปลี่ยนแปลงได้ง่ายด้วยการรับประทานอาหารเพียงอย่างเดียว ระบบการทำงานร่างกายจะมีกลไกการควบคุมอวัยวะในร่างกายให้ทำงานได้ตามปกติ การกินอาหารที่เป็นกรดหรือด่าง จึงไม่สามารถที่จะลดหรือทำลายไวรัสโควิดในร่างกายได้

โดยข้อมูลข้างต้นไม่เป็นความจริง และทำให้เกิดความเข้าใจผิดในการรับประทานอาหาร เนื้อวัวและนมวัว ซึ่งควรกินอาหารให้ครบ 5 หมู่ แต่ละหมู่ให้หลากหลาย ปริมาณ สัดส่วนที่เหมาะสม มีคุณค่าทางโภชนาการครบถ้วน เพียงพอ มีสุขอนามัยส่วนบุคคลที่ดี ร่วมกับการออกกำลังกายอย่างเหมาะสมและสม่ำเสมอ นอนหลับพักผ่อนให้เพียง",fake,covid-19
สธ. สั่งทุกรพ. เปิดจุดฉีดวัคซีนโควิด 19 กลุ่มเสี่ยง 608 จริงหรือ,"ปลัดกระทรวงสาธารณสุข แจงผู้ป่วยโควิดเพิ่มขึ้นเป็นไปตามคาดการณ์ ประชาชนสนใจเข้ารับวัคซีนป้องกันมากขึ้น สั่งทุกโรงพยาบาลเปิดจุดบริการฉีดวัคซีนพร้อมประชาสัมพันธ์ให้ประชาชนทราบ หากวอล์กอินเข้ามาคนเดียวก็ขอให้ฉีด เพื่อให้ประชาชนเข้าถึงมากที่สุด เนื่องจากวัคซีนมีเพียงพอ พร้อมทั้งจัดบริการเชิงรุกฉีดกลุ่มเสี่ยง 608 ถึงในพื้นที่

ขณะนี้จำนวนผู้ติดเชื้อและผู้ป่วยเข้ารับการรักษาในโรงพยาบาลเพิ่มขึ้น แต่ส่วนใหญ่อาการไม่รุนแรง แพทย์จ่ายยาและรักษาแบบผู้ป่วยนอก ส่วนการใช้เตียงในโรงพยาบาลยังไม่เพิ่มขึ้นมากจนต้องมีมาตรการเพิ่มเติม สำหรับผู้เสียชีวิตยังเพิ่มไม่มากเช่นกัน เฉลี่ยไม่เกิน 10 รายต่อวัน ซึ่งทั้งหมดเป็นไปตามที่คาดการณ์ว่าจะพบการระบาดในลักษณะ Small Wave และจะค่อย ๆ ลดลงช่วงหลังปีใหม่ ทั้งนี้ การพบผู้ติดเชื้อเพิ่มขึ้นทำให้ช่วงนี้ประชาชนเข้ารับวัคซีนมากขึ้นด้วย จึงได้สั่งการให้นายแพทย์สาธารณสุขจังหวัดและผู้อำนวยการโรงพยาบาลศูนย์/โรงพยาบาลทั่วไปทั่วประเทศ กำหนดเป้าหมายการฉีดวัคซีนในช่วงนี้และให้ทุกโรงพยาบาลในสังกัดจัดจุดบริการฉีดวัคซีนโควิด 19 พร้อมทั้งประชาสัมพันธ์วัน เวลาให้บริการให้ประชาชนทราบอย่างทั่วถึงและมารับบริการได้สะดวก",real,covid-19
ผู้ที่ดื่มเครื่องดื่มแอลกอฮอล์ จะไม่ติดเชื้อโควิด 19 และดื่มทุกวันจะให้ผลดีกว่าการออกกำลังกาย,จากกรณีที่มีการแนะนำระบุว่าผู้ที่ดื่มเครื่องดื่มแอลกอฮอล์ จะไม่ติดเชื้อโควิด 19 และดื่มทุกวันจะให้ผลดีกว่าการออกกำลังกาย ทางกรมการแพทย์ กระทรวงสาธารณสุข ได้ตรวจสอบข้อมูลและชี้แจงว่าผู้ที่ดื่มแอลกอฮอล์เป็นประจำจะทำให้ภูมิคุ้มกันร่างกายลดลง ทำให้เม็ดเลือดขาวทำงานฆ่าเชื้อโรคในร่างกายได้ไม่เต็มที่ มีโอกาสติดเชื้อต่าง ๆ ได้ง่ายขึ้น รวมไปถึงการติดเชื้อโควิด 19 ด้วย ทั้งนี้ การรวมกลุ่มเพื่อดื่มสังสรรค์จะเพิ่มความเสี่ยงให้เกิดการแพร่ระบาดมากยิ่งขึ้น อีกทั้งยังพบผู้ป่วยที่มีประวัติดื่มสุรา ติดเชื้อโควิด 19 และเข้ารับการรักษา,fake,covid-19
ข่าวปลอม อย่าแชร์! รายชื่อยาทั้ง 6 ชนิด ที่ควรซื้อติดบ้านไว้รักษาโควิด 19 ด้วยตัวเอง,"ตามที่ได้มีการส่งต่อข้อมูลในประเด็นเรื่องรายชื่อยาทั้ง 6 ชนิด ที่ควรซื้อติดบ้านไว้รักษาโควิด 19 ด้วยตัวเอง ทางศูนย์ต่อต้านข่าวปลอมได้ดำเนินการตรวจสอบข้อเท็จจริงโดยกรมการแพทย์ กระทรวงสาธารณสุข พบว่าประเด็นดังกล่าวนั้น เป็นข้อมูลเท็จ
จากกรณีที่มีการส่งต่อข้อมูลเรื่องยารักษาโควิด 19 ที่ต้องเตรียมไว้เพื่อรักษาตนเองที่บ้าน 6 ชนิด คือ ยาพาราเซตามอล แอมบรอกซอล เดกซ์โทรเมทอร์แฟน คลอเฟนิรามีน วิตามินซี และฟ้าทะลายโจรนั้น ทางกรมการแพทย์ กระทรวงสาธารณสุข ได้ตรวจสอบเรื่องดังกล่าวและชี้แจงว่าผู้ป่วยโควิด 19 ที่ต้องการเข้าร่วมโครงการ home isolation ต้องได้รับการอนุญาตจากแพทย์เท่านั้น โดยการจ่ายยารักษาผู้ป่วยที่กักตัวที่บ้านเป็นไปตามที่แพทย์ประเมินอาการรายบุคคล เพราะการรับประทานยาเอง อาจทำให้เกิดอันตรายจากภาวะแทรกซ้อนของยาได้",fake,covid-19
เสพกัญชาทำให้เชื้อโควิด 19 ฝังตัวไม่ได้,"ตามที่ได้มีคำแนะนำในสื่อออนไลน์เกี่ยวกับประเด็นเรื่องเสพกัญชาทำให้เชื้อโควิด 19 ฝังตัวไม่ได้ ทางศูนย์ต่อต้านข่าวปลอมได้ตรวจสอบข้อเท็จจริงกับกรมควบคุมโรค กระทรวงสาธารณสุข พบว่าข้อมูลดังกล่าวนั้น เป็นข้อมูลเท็จ

จากกรณีที่มีการส่งต่อข้อความโดยระบุว่าเสพกัญชาทำให้เชื้อโควิด 19 ฝังตัวไม่ได้ ทางกรมควบคุมโรค กระทรวงสาธารณสุข ได้ตรวจสอบข้อมูลและชี้แจงว่าปัจจุบันยังไม่มีงานวิจัยทางการแพทย์ที่ยืนยันว่ากัญชาจะทำให้เชื้อโควิด 19 ฝังตัวไม่ได้",fake,covid-19
กรมวิทย์ฯ เผยไทยยังไม่พบโควิด 19 สายพันธุ์ BQ.1.1 และสายพันธุ์ XBB จริงหรือ?,"กรณีที่มีข่าวในต่างประเทศตรวจพบโอมิครอนกลายพันธุ์ตัวใหม่ ไม่ว่าจะเป็น  “BQ.1.1” และ “XBB” สามารถแพร่เชื้อได้เร็ว และดื้อภูมิคุ้มกันมากกว่าทุกสายพันธุ์นั้น ขอชี้แจงว่าจากข้อมูลการเฝ้าระวังการกลายพันธุ์ของเชื้อโควิด 19 กรมวิทยาศาสตร์การแพทย์ร่วมกับเครือข่ายทั่วประเทศ ยังไม่มีรายงานการตรวจพบสายพันธุ์ดังกล่าวในประเทศไทย ซึ่งขณะนี้เชื้อโควิด 19 ที่แพร่ระบาดในประเทศไทยส่วนใหญ่เป็น “โอมิครอน” สายพันธุ์ย่อย BA.5

จากฐานข้อมูล GISAID ณ วันที่ 7 ตุลาคม 2565 ประเทศไทยพบ BA.4 จำนวน 218 ราย ในส่วน BA.2.75 และลูกหลาน BA.2.75.1, BA.2.75.2 พบ 24 ราย สายพันธุ์ BA.5 และลูกหลาน พบ 2,152 ราย โดยสายพันธุ์ย่อยหลักที่พบมากในประเทศไทย ได้แก่ สายพันธุ์ BA.5.2 พบรายงานจำนวน 1,709 ราย ซึ่งแนวโน้มสอดคล้องกับทั่วโลก คือ BA.5 ยังเป็นสายพันธุ์หลัก ส่วน BA.4, BA.2.75 และลูกหลาน เช่น BA.2.75.1, BA.2.75.2 และ BA.2.75.x พบเพิ่มขึ้นเพียงเล็กน้อย",real,covid-19
อย่าแชร์! สูตรฆ่าเชื้อไวรัสโควิด 19 ด้วยการสูดไอน้ำสมุนไพร,กรณีที่มีการส่งต่อข้อมูลแนะนำโดยระบุถึงการรักษาโควิด 19 ด้วยวิธีการใช้หม้อดินหรือหม้อหุงข้าวไฟฟ้าขนาดเล็กที่ต้มน้ำสมุนไพร และใช้ผ้าคลุมศีรษะเพื่อสูดไอน้ำดังกล่าว เรียกว่าการสูดไอน้ำร้อน ทางกรมการแพทย์แผนไทยและการแพทย์ทางเลือก กระทรวงสาธารณสุข ได้ตรวจสอบข้อมูลและชี้แจงว่ายังไม่พบหลักฐานที่สามารถยืนยันได้ว่าการดูแลสุขภาพด้วยวิธีดังกล่าวสามารถฆ่าเชื้อโควิด 19 ได้ และวิธีการสูดไอน้ำร้อนอาจเสี่ยงในการแพร่เชื้อโควิด 19 จากการแพร่กระจายของไอความร้อนได้ ดังนั้น วิธีดังกล่าวถือว่าเป็นการบรรเทาอาการจากการติดขัดของทางเดินหายใจเพียงเท่านั้น ,fake,covid-19
รัฐบาลเตรียมประกาศงดเทศกาลปีใหม่ เนื่องจากการแพร่ระบาดของโควิด เดลตาครอล XBC,ครอล XBC ทางกรมประชาสัมพันธ์ สำนักนายกรัฐมนตรี ได้ตรวจสอบข้อมูลและชี้แจงว่ากระทรวงสาธารณสุขมีการเฝ้าระวังทุกสายพันธุ์ และขณะนี้ยังไม่มีรายงานพบสายพันธุ์เดลครอน XBC ในเทศไทย และยังไม่มีเหตุการณ์เสนอให้รัฐบาลงดเทศกาลปีใหม่,fake,covid-19
โควิด19 สายพันธุ์แลมบ์ดาระบาดหนักในเขตมีนบุรี หมอประสิทธิ์ ขอให้ประชาชนล็อกดาวน์ตัวเอง,"จากที่มีการส่งต่อข้อความที่ระบุว่า อจ.หมอประสิทธิ์ ออกประกาศให้ประชาชนล็อกดาวน์ครอบครัว และตัวเอง เพราะเชื้อโควิด19 สายพันธุ์แลมบ์ดาระบาดหนัก หมอจะเอาไม่อยู่แล้ว ขอความร่วมมือให้ช่วยกันส่งต่อกลุ่มไลน์ เพื่อตัวเราเองและเพื่อนร่วมโลกนั้น ทางคณะแพทยศาสตร์ศิริราชพยาบาลได้ชี้แจงว่าเป็นการนำข้อมูลเท็จมาส่งต่ออีกครั้ง ซึ่งเรื่องดังกล่าวเคยมีการส่งคลิปเสียงในประเด็นเดียวกันหลายครั้งแล้ว โดยขอยืนยันว่าข้อมูลทั้งในรูปแบบข้อความ และคลิปเสียง ไม่ได้เป็นข้อมูลที่มาจาก ศ.ดร.นพ.ประสิทธิ์ วัฒนาภา คณบดีคณะแพทยศาสตร์ศิริราชพยาบาลแต่อย่างใด

ซึ่งหากมีการการบอกกล่าวในเรื่องสุขภาพแก่ประชาชนคนไทย ของ ศ.ดร.นพ.ประสิทธิ์ วัฒนาภา คณบดีคณะแพทยศาสตร์ศิริราชพยาบาล จะต้องปรากฏทั้งภาพและเสียงพร้อมกัน หรือปรากฏสัญลักษณ์ขององค์กรในรูปของเอกสารข่าวเท่านั้น",fake,covid-19
สิทธิบัตรทองสำหรับผู้ป่วยโควิด 19 สามารถลงทะเบียนรับยาฟรี ผ่าน 4 แอปฯ,สปสช.ร่วมกับ 4 ผู้ให้บริการด้านสุขภาพดิจิทัล ดูแลผู้ป่วยโควิดผ่านบริการการแพทย์ทางไกล (Telemedicine) พร้อมบริการจัดส่งยาถึงบ้าน ครอบคลุมสิทธิรักษาพยาบาล สิทธิบัตรทอง 30 บาท หรือสิทธิหลักประกันสุขภาพแห่งชาติ เริ่มตั้งแต่ 11 กรกฎาคม 2565 และสวัสดิการพนักงานส่วนท้องถิ่น ได้ยกเลิกการดูแลผู้ป่วยโควิดผ่านบริการการแพทย์ทางไกล สิทธิสวัสดิการข้าราชการ และสิทธิประกันสังคมหรือผู้ประกันตน  เมื่อประชาชนสิทธิบัตรทอง และสวัสดิการพนักงานส่วนท้องถิ่น ตรวจ ATK ขึ้น 2 ขีด ติดเชื้อโควิด 19 สามารถเลือกลงทะเบียน เพื่อพบแพทย์ผ่านออนไลน์ ซักถามและจ่ายยาตามอาการ (หากเข้าเกณฑ์ได้รับยาฟาวิพิราเวียร์หรือยาโมลนูพิราเวียร์ตามดุลยพินิจของแพทย์) พร้อมจัดส่งถึงบ้าน ฟรี ไม่เสียค่าใช้จ่ายเลือกอย่างใดอย่างหนึ่ง ,real,covid-19
ผู้ที่ทานเนื้อวัว นมวัว เป็นประจำ จะทำให้เลือดเป็นกรด เชื้อไวรัสโควิด 19 เจริญเติบโตได้ง่าย,"ตามที่มีการเผยแพร่ข้อมูลในสื่อออนไลน์เกี่ยวกับประเด็นด้านสุขภาพเรื่องผู้ที่ทานเนื้อวัว นมวัว เป็นประจำ จะทำให้เลือดเป็นกรด เชื้อไวรัสโควิด 19 เจริญเติบโตได้ง่าย ทางศูนย์ต่อต้านข่าวปลอมได้ดำเนินการตรวจสอบข้อเท็จจริงโดย สำนักโภชนาการ กรมอนามัย กระทรวงสาธารณสุข พบว่าประเด็นดังกล่าวนั้น เป็นข้อมูลเท็จ
กรณีการเผยแพร่ข้อมูลว่าผู้ที่ทานเนื้อวัว นมวัว เป็นประจำ จะทำให้เลือดเป็นกรด เชื้อไวรัสโควิด 19 เจริญเติบโตได้ง่าย ทางสำนักโภชนาการ กรมอนามัย กระทรวงสาธารณสุข ได้ตรวจสอบเรื่องดังกล่าวและชี้แจงว่าความเป็นกรดด่างของเลือด ไม่ได้มีการเปลี่ยนแปลงได้ง่าย ด้วยการรับประทานอาหารเพียงอย่างเดียว ระบบการทำงานร่างกายจะมีกลไกการควบคุมอวัยวะในร่างกายให้ทำงานได้ตามปกติ การกินอาหารที่เป็นกรดหรือด่าง จึงไม่สามารถที่จะลดหรือทำลายไวรัสโควิดในร่างกายได้
โดยข้อมูลข้างต้นไม่เป็นความจริง และทำให้เกิดความเข้าใจผิดในการรับประทานอาหาร เนื้อวัวและนมวัว ซึ่งควรกินอาหารให้ครบ 5 หมู่ แต่ละหมู่ให้หลากหลาย ปริมาณ สัดส่วนที่เหมาะสม มีคุณค่าทางโภชนาการครบถ้วน เพียงพอ มีสุขอนามัยส่วนบุคคลที่ดี ร่วมกับการออกกำลังกายอย่างเหมาะสมและสม่ำเสมอ นอนหลับพักผ่อนให้เพียง",fake,covid-19
อสม. เกณฑ์ผู้สูงอายุที่มีโรคประจำตัว ฉีดวัคซีนโควิด 19 เพื่อทดลองยา                                                            ,"ตามที่มีข่าวปรากฏในสื่อต่าง ๆ เกี่ยวกับประเด็นเรื่องอสม. เกณฑ์ผู้สูงอายุที่มีโรคประจำตัว ฉีดวัคซีนโควิด 19 เพื่อทดลองยา ทางศูนย์ต่อต้านข่าวปลอมได้ดำเนินการตรวจสอบข้อเท็จจริงกับกรมสนับสนุนบริการสุขภาพ กระทรวงสาธารณสุข พบว่าประเด็นดังกล่าวนั้น เป็นข้อมูลเท็จ

หลังจากที่มีผู้โพสต์ข้อความว่าอสม. ได้รับคำสั่งให้เกณฑ์ชาวบ้าน ที่เป็นผู้สูงอายุและมีโรคประจำตัว ฉีดวัคซีนโควิด 19 เพื่อทดลองยา เพราะถ้าหากคนกลุ่มนี้เสียชีวิตจะได้อ้างว่าเสียชีวิตจากโรคประจำตัว โดยกรมสนับสนุนบริการสุขภาพ กระทรวงสาธารณสุข ได้ตรวจสอบและชี้แจงว่าเป็นข้อมูลเท็จ เพราะกลุ่มเป้าหมายในการฉีดวัคซีนเป็นไปตามหลักสากล",fake,covid-19
โรงพยาบาลสังกัดกทม. 11 แห่ง เปิดฉีดวัคซีนโควิด 19 เข็มกระตุ้นฟรี,"ตามที่มีข้อมูลในสื่อต่าง ๆ เกี่ยวกับประเด็นเรื่องโรงพยาบาลสังกัดกทม. 11 แห่ง เปิดฉีดวัคซีนโควิด 19 เข็มกระตุ้นฟรี ทางศูนย์ต่อต้านข่าวปลอมได้ดำเนินการตรวจสอบข้อเท็จจริงโดยสำนักงานประชาสัมพันธ์ กรุงเทพมหานคร พบว่าประเด็นดังกล่าวนั้น เป็นข้อมูลจริง

สำนักอนามัย และสำนักการแพทย์ ได้รายงานสถานการณ์โรคโควิด 19 ประเทศไทย มีแนวโน้มพบผู้ติดเชื้อมากขึ้น โดยมีผู้ป่วยเข้ารับการรักษาในโรงพยาบาล ผู้ป่วยอาการหนัก ผู้ป่วยเสียชีวิตเพิ่มขึ้น โดยเฉพาะในช่วง 2 สัปดาห์ที่ผ่านมา ซึ่งเป็นไปตามคาดการณ์ช่วงขาขึ้นของการระบาด โดยเฉพาะ กทม. และปริมณฑล และจังหวัดท่องเที่ยว ภาคตะวันออก และภาคใต้ ซึ่งมีนักท่องเที่ยวทั้งคนไทยและต่างชาติ และการจัดกิจกรรมรวมกลุ่มคน โดยยอดผู้ติดเชื้อโควิด 19 ในพื้นที่ กทม. เมื่อวันที่ 29 พ.ย. 65 มีผู้ป่วย 755 ราย ไม่มีผู้เสียชีวิต ทั้งนี้ ในส่วนของยา เวชภัณฑ์ และเตียงยังมีเพียงพอ",real,covid-19
สธ. สั่งทุกรพ. เปิดจุดฉีดวัคซีนโควิด 19 กลุ่มเสี่ยง 608,ปลัดกระทรวงสาธารณสุข แจงผู้ป่วยโควิดเพิ่มขึ้นเป็นไปตามคาดการณ์ ประชาชนสนใจเข้ารับวัคซีนป้องกันมากขึ้น สั่งทุกโรงพยาบาลเปิดจุดบริการฉีดวัคซีนพร้อมประชาสัมพันธ์ให้ประชาชนทราบ หากวอล์กอินเข้ามาคนเดียวก็ขอให้ฉีด เพื่อให้ประชาชนเข้าถึงมากที่สุด เนื่องจากวัคซีนมีเพียงพอ พร้อมทั้งจัดบริการเชิงรุกฉีดกลุ่มเสี่ยง 608 ถึงในพื้นที่,real,covid-19
ศูนย์ฉีดวัคซีนกระทรวงสาธารณสุข งดให้บริการในวันที่ 30 พ.ย. 65 ,"ตามที่มีข้อมูลในสื่อต่าง ๆ เกี่ยวกับประเด็นเรื่องศูนย์ฉีดวัคซีนกระทรวงสาธารณสุข งดให้บริการในวันที่ 30 พ.ย. 65 ทางศูนย์ต่อต้านข่าวปลอมได้ดำเนินการตรวจสอบข้อเท็จจริงโดยสำนักงานปลัดกระทรวงสาธารณสุข กระทรวงสาธารณสุข พบว่าประเด็นดังกล่าวนั้น เป็นข้อมูลจริง

ศูนย์ฉีดวัคซีนกระทรวงสาธารณสุข งดบริการวันพุธที่ 30 พ.ย. 2565 และจะเปิดให้บริการทุกวันอังคาร เวลา 09.00 – 14.00 น. ในเดือนธันวาคม 2565 เป็นวัคซีนไฟเซอร์ (ไม่มีโมเดอร์นา) สำหรับอายุ 12 ปีขึ้นไป",real,covid-19
สิทธิบัตรทองสำหรับผู้ป่วยโควิด 19 สามารถลงทะเบียนรับยาฟรี ผ่าน 4 แอปฯ จริงหรือ,"ตามที่มีการนำเสนอข่าวประเด็นเรื่องสิทธิบัตรทองสำหรับผู้ป่วยโควิด 19 สามารถลงทะเบียนรับยาฟรี ผ่าน 4 แอปฯ  ทางศูนย์ต้านข่าวปลอมได้ดำเนินการตรวจสอบข้อเท็จจริงโดยสำนักงานหลักประกันสุขภาพแห่งชาติ กระทรวงสาธารณสุข พบว่าประเด็นดังกล่าวนั้น เป็นข้อมูลจริง 

สปสช.ร่วมกับ 4 ผู้ให้บริการด้านสุขภาพดิจิทัล ดูแลผู้ป่วยโควิดผ่านบริการการแพทย์ทางไกล (Telemedicine) พร้อมบริการจัดส่งยาถึงบ้าน ครอบคลุมสิทธิรักษาพยาบาล สิทธิบัตรทอง 30 บาท หรือสิทธิหลักประกันสุขภาพแห่งชาติ เริ่มตั้งแต่ 11 กรกฎาคม 2565 และสวัสดิการพนักงานส่วนท้องถิ่น ได้ยกเลิกการดูแลผู้ป่วยโควิดผ่านบริการการแพทย์ทางไกล สิทธิสวัสดิการข้าราชการ และสิทธิประกันสังคมหรือผู้ประกันตน  เมื่อประชาชนสิทธิบัตรทอง และสวัสดิการพนักงานส่วนท้องถิ่น ตรวจ ATK ขึ้น 2 ขีด ติดเชื้อโควิด 19 สามารถเลือกลงทะเบียน เพื่อพบแพทย์ผ่านออนไลน์ ซักถามและจ่ายยาตามอาการ (หากเข้าเกณฑ์ได้รับยาฟาวิพิราเวียร์หรือยาโมลนูพิราเวียร์ตามดุลยพินิจของแพทย์) พร้อมจัดส่งถึงบ้าน ฟรี ไม่เสียค่าใช้จ่ายเลือกอย่างใดอย่างหนึ่ง ",real,covid-19
อย่าแชร์! อวัยวะเพศชายสั้นลงหลังหายจากการติดเชื้อโควิด 19,"ตามที่มีการบอกต่อข้อมูลในสื่อออนไลน์เกี่ยวกับประเด็นเรื่องอวัยวะเพศชายสั้นลงหลังหายจากการติดเชื้อโควิด 19 ทางศูนย์ต่อต้านข่าวปลอมได้ดำเนินการตรวจสอบข้อเท็จจริงโดยกรมการแพทย์ กระทรวงสาธารณสุข พบว่าข้อมูลดังกล่าวนั้น เป็นข้อมูลเท็จ

จากกรณีที่มีการโพสต์ข้อความด้านสุขภาพโดยระบุว่าอวัยวะเพศชายสั้นลงหลังหายจากการติดเชื้อโควิด 19 ทางกรมการแพทย์ กระทรวงสาธารณสุข ได้ตรวจสอบข้อมูลและชี้แจงว่าจากการศึกษาในปัจจุบันยังไม่พบหลักฐานที่ชัดเจนที่แสดงถึงความสัมพันธ์ของการติดเชื้อโควิด 19 ต่อปัญหาการแข็งตัวของอวัยวะเพศ หรือทำให้อวัยวะเพศชายหดสั้นลง ซึ่งยังต้องมีการศึกษาเพิ่มเติมในอนาคต",fake,covid-19
อย่าแชร์! พบ อสม. เสียชีวิตเดือนละ 600 ราย จากการเป็นตัวอย่างฉีดวัคซีนป้องกันโควิด 19,"ตามที่มีการเผยแพร่ข้อมูลสุขภาพในสื่อสังคมออนไลน์เกี่ยวกับประเด็นเรื่องพบ อสม. เสียชีวิตเดือนละ 600 ราย จากการเป็นตัวอย่างฉีดวัคซีนป้องกันโควิด 19 ทางศูนย์ต่อต้านข่าวปลอมได้ดำเนินการตรวจสอบข้อเท็จจริงกับกรมสนับสนุนบริการสุขภาพ กระทรวงสาธารณสุข พบว่าประเด็นดังกล่าวนั้น เป็นข้อมูลเท็จ

จากกรณีที่มีการโพสต์ชวนเชื่อเกี่ยวกับสุขภาพในเฟซบุ๊กโดยระบุว่าพบ อสม. เสียชีวิตเดือนละ 600 ราย จากการเป็นตัวอย่างฉีดวัคซีนป้องกันโควิด 19 ทางกรมสนับสนุนบริการสุขภาพ กระทรวงสาธารณสุข ได้ตรวจสอบข้อมูลและชี้แจงว่าการกล่าวอ้างจากแหล่งข่าวว่าเกิดจากการฉีดวัคซีนนั้นไม่เป็นความจริงแต่อย่างใด

และเรื่องการเสียชีวิตของ อสม.ทั่วประเทศ เกิดจากสาเหตุที่แตกต่างกันไป ส่วนใหญ่เกิดจากการเจ็บป่วยด้วยโรคต่างๆ ,โรคชรา อุบัติเหตุ ",fake,covid-19
ศูนย์ฉีดวัคซีนโควิด 19 กทม. อาคารกีฬาเวสน์ 1 จะเปิดให้บริการถึงเดือนพ.ย.,"ตามที่มีข้อมูลในสื่อต่าง ๆ เกี่ยวกับประเด็นเรื่องศูนย์ฉีดวัคซีนโควิด 19 กทม. อาคารกีฬาเวสน์ 1 จะเปิดให้บริการถึงเดือนพ.ย. ทางศูนย์ต่อต้านข่าวปลอมได้ดำเนินการตรวจสอบข้อเท็จจริงโดยสำนักงานประชาสัมพันธ์ กรุงเทพมหานคร พบว่าประเด็นดังกล่าวนั้น เป็นข้อมูลจริง

ศูนย์ฉีดวัคซีนป้องกันโรคโควิด 19 กรุงเทพมหานคร ณ อาคารกีฬาเวสน์ 1 ศูนย์เยาวชนกรุงเทพมหานคร (ไทย – ญี่ปุ่น) เขตดินแดง ได้เปิดให้บริการแก่ผู้มีอายุ 5 ปีขึ้นไป ทุกสัญชาติ สำหรับวัคซีนทุกเข็ม ดังนี้

– เปิดให้บริการทุกวัน ถึงวันที่ 31 ตุลาคม 2565
– ส่วนในเดือนพฤศจิกายน จะเปิดให้บริการเฉพาะวันเสาร์ – อาทิตย์ และจะหยุดให้บริการเป็นเดือนสุดท้าย
– ผู้ประสงค์รับวัคซีนสามารถเข้ารับบริการได้โดยจองผ่านแอป QueQ หรือวอล์คอิน (Walk in) ระหว่างเวลา 08.00 – 16.00 น.
– ผู้สูงอายุ 60 ปีขึ้นไป ผู้มีโรคประจำตัว 7 กลุ่มโรค และหญิงตั้งครรภ์ ควรเข้ารับบริการฉีดวัคซีนป้องกันโรคโควิด 19 เพื่อสร้างภูมิคุ้มกัน ลดความรุนแรงของอาการ และลดโอกาสการเสียชีวิต",real,covid-19
อย่าแชร์! ดื่มน้ำมะพร้าว น้ำมะนาว และเกลือรวมกัน สามารถรักษาโควิด 19 ให้หายได้ใน 2 ชม.,"ตามที่ได้มีข้อมูลด้านสุขภาพในประเด็นเรื่องดื่มน้ำมะพร้าว น้ำมะนาว และเกลือรวมกัน สามารถรักษาโควิด 19 ให้หายได้ใน 2 ชม. ทางศูนย์ต่อต้านข่าวปลอมได้ตรวจสอบข้อเท็จจริงโดยกรมการแพทย์แผนไทยและการแพทย์ทางเลือก กระทรวงสาธารณสุข พบว่าข้อมูลดังกล่าวนั้น เป็นข้อมูลเท็จ

จากกรณีที่มีคำแนะนำที่ระบุว่าดื่มน้ำมะพร้าว น้ำมะนาว และเกลือรวมกัน สามารถรักษาโควิด 19 ให้หายได้ใน 2 ชม. ทางกรมการแพทย์แผนไทยและการแพทย์ทางเลือก กระทรวงสาธารณสุข ได้ตรวจสอบข้อมูลและชี้แจงว่าการรับประทานน้ำมะพร้าว น้ำมะนาว และเกลือรวมกัน จะสามารถหายภายใน 2 ชั่วโมง ไม่มีผลป้องกันโควิดได้ เป็นการกล่าวอ้างที่เกินจริง ซึ่งการกระทำดังกล่าวยังไม่มีรายงานทางการแพทย์ยืนยันว่าช่วยฆ่าเชื้อไวรัสได้ ซึ่งหากผู้ป่วยพบว่าตนเองติดเชื้อไวรัสโควิด 19 ควรดำเนินการเข้ารับการรักษาตามแนวทางที่กระทรวงสาธารณสุขกำหนดตามสิทธิการรักษา หากต้องการใช้การแพทย์แผนไทย การแพทย์ทางเลือก และสมุนไพรร่วมกับการรักษา ควรขอรับการปรึกษาจากแพทย์แผนไทย แพทย์แผนไทยประยุกต์ หรือบุคลากรทางการแพทย์ที่มีความรู้เพื่อให้การดูแลรักษาอย่างถูกต้องและปลอดภัยต่อไป",fake,covid-19
อย่าแชร์! เสพกัญชาทำให้เชื้อโควิด 19 ฝังตัวไม่ได้,"ตามที่ได้มีคำแนะนำในสื่อออนไลน์เกี่ยวกับประเด็นเรื่องเสพกัญชาทำให้เชื้อโควิด 19 ฝังตัวไม่ได้ ทางศูนย์ต่อต้านข่าวปลอมได้ตรวจสอบข้อเท็จจริงกับกรมควบคุมโรค กระทรวงสาธารณสุข พบว่าข้อมูลดังกล่าวนั้น เป็นข้อมูลเท็จ

จากกรณีที่มีการส่งต่อข้อความโดยระบุว่าเสพกัญชาทำให้เชื้อโควิด 19 ฝังตัวไม่ได้ ทางกรมควบคุมโรค กระทรวงสาธารณสุข ได้ตรวจสอบข้อมูลและชี้แจงว่าปัจจุบันยังไม่มีงานวิจัยทางการแพทย์ที่ยืนยันว่ากัญชาจะทำให้เชื้อโควิด 19 ฝังตัวไม่ได้",fake,covid-19
กรมวิทย์ฯ เผยไทยยังไม่พบโควิด 19 สายพันธุ์ BQ.1.1 และสายพันธุ์ XBB ,"ตามที่มีการเผยแพร่ข้อมูลในสื่อออนไลน์ต่าง ๆ เกี่ยวกับประเด็นเรื่องกรมวิทย์ฯ เผยไทยยังไม่พบโควิด 19 สายพันธุ์ BQ.1.1 และสายพันธุ์ XBB ทางศูนย์ต่อต้านข่าวปลอมได้ดำเนินการตรวจสอบข้อเท็จจริงโดยกรมวิทยาศาสตร์การแพทย์ กระทรวงสาธารณสุข พบว่าประเด็นดังกล่าวนั้น เป็นข้อมูลจริง

กรณีที่มีข่าวในต่างประเทศตรวจพบโอมิครอนกลายพันธุ์ตัวใหม่ ไม่ว่าจะเป็น  “BQ.1.1” และ “XBB” สามารถแพร่เชื้อได้เร็ว และดื้อภูมิคุ้มกันมากกว่าทุกสายพันธุ์นั้น ขอชี้แจงว่าจากข้อมูลการเฝ้าระวังการกลายพันธุ์ของเชื้อโควิด 19 กรมวิทยาศาสตร์การแพทย์ร่วมกับเครือข่ายทั่วประเทศ ยังไม่มีรายงานการตรวจพบสายพันธุ์ดังกล่าวในประเทศไทย ซึ่งขณะนี้เชื้อโควิด 19 ที่แพร่ระบาดในประเทศไทยส่วนใหญ่เป็น “โอมิครอน” สายพันธุ์ย่อย BA.5",real,covid-19
อย่าแชร์! สูตรฆ่าเชื้อไวรัสโควิด 19 ด้วยการสูดไอน้ำสมุนไพร,"ตามที่ได้มีคำแนะนำในประเด็นเรื่องสูตรฆ่าเชื้อไวรัสโควิด 19 ด้วยการสูดไอน้ำสมุนไพร ทางศูนย์ต่อต้านข่าวปลอมได้ตรวจสอบข้อเท็จจริงโดยกรมการแพทย์แผนไทยและการแพทย์ทางเลือก กระทรวงสาธารณสุข พบว่าข้อมูลดังกล่าวนั้น เป็นข้อมูลเท็จ
กรณีที่มีการส่งต่อข้อมูลแนะนำโดยระบุถึงการรักษาโควิด 19 ด้วยวิธีการใช้หม้อดินหรือหม้อหุงข้าวไฟฟ้าขนาดเล็กที่ต้มน้ำสมุนไพร และใช้ผ้าคลุมศีรษะเพื่อสูดไอน้ำดังกล่าว เรียกว่าการสูดไอน้ำร้อน ทางกรมการแพทย์แผนไทยและการแพทย์ทางเลือก กระทรวงสาธารณสุข ได้ตรวจสอบข้อมูลและชี้แจงว่ายังไม่พบหลักฐานที่สามารถยืนยันได้ว่าการดูแลสุขภาพด้วยวิธีดังกล่าวสามารถฆ่าเชื้อโควิด 19 ได้ และวิธีการสูดไอน้ำร้อนอาจเสี่ยงในการแพร่เชื้อโควิด 19 จากการแพร่กระจายของไอความร้อนได้ ดังนั้น วิธีดังกล่าวถือว่าเป็นการบรรเทาอาการจากการติดขัดของทางเดินหายใจเพียงเท่านั้น ",fake,covid-19
อย่าแชร์! รายชื่อยาทั้ง 6 ชนิด ที่ควรซื้อติดบ้านไว้รักษาโควิด 19 ด้วยตัวเอง,"ตามที่ได้มีการส่งต่อข้อมูลในประเด็นเรื่องรายชื่อยาทั้ง 6 ชนิด ที่ควรซื้อติดบ้านไว้รักษาโควิด 19 ด้วยตัวเอง ทางศูนย์ต่อต้านข่าวปลอมได้ดำเนินการตรวจสอบข้อเท็จจริงโดยกรมการแพทย์ กระทรวงสาธารณสุข พบว่าประเด็นดังกล่าวนั้น เป็นข้อมูลเท็จ

จากกรณีที่มีการส่งต่อข้อมูลเรื่องยารักษาโควิด 19 ที่ต้องเตรียมไว้เพื่อรักษาตนเองที่บ้าน 6 ชนิด คือ ยาพาราเซตามอล แอมบรอกซอล เดกซ์โทรเมทอร์แฟน คลอเฟนิรามีน วิตามินซี และฟ้าทะลายโจรนั้น ทางกรมการแพทย์ กระทรวงสาธารณสุข ได้ตรวจสอบเรื่องดังกล่าวและชี้แจงว่าผู้ป่วยโควิด 19 ที่ต้องการเข้าร่วมโครงการ home isolation ต้องได้รับการอนุญาตจากแพทย์เท่านั้น โดยการจ่ายยารักษาผู้ป่วยที่กักตัวที่บ้านเป็นไปตามที่แพทย์ประเมินอาการรายบุคคล เพราะการรับประทานยาเอง อาจทำให้เกิดอันตรายจากภาวะแทรกซ้อนของยาได้",fake,covid-19
อย่าแชร์! รับวัคซีนเข็ม 4 แบบแปะฉีดตัวเองที่บ้าน จะกลายเป็นคนติดยา,ตามที่มีการบอกต่อข้อมูลเรื่องรับวัคซีนเข็ม 4 แบบแปะฉีดตัวเองที่บ้าน จะกลายเป็นคนติดยา ทางศูนย์ต่อต้านข่าวปลอมได้ดำเนินการตรวจสอบข้อเท็จจริงโดยกรมวิทยาศาสตร์การแพทย์ กระทรวงสาธารณสุข พบว่าประเด็นดังกล่าวนั้น เป็นข้อมูลเท็จ,fake,covid-19
ศูนย์ฉีดวัคซีนกลางบางซื่อ เปิดจองฉีดวัคซีนเข็ม 3 ไฟเซอร์เด็ก สำหรับเด็กเล็กอายุ 5-11 ปี ,ตามที่มีการเผยแพร่ข้อมูลเกี่ยวกับสุขภาพในสื่อต่าง ๆ เกี่ยวกับประเด็นเรื่องศูนย์ฉีดวัคซีนกลางบางซื่อ เปิดจองฉีดวัคซีนเข็ม 3 ไฟเซอร์เด็ก สำหรับเด็กเล็กอายุ 5-11 ปี ทางศูนย์ต่อต้านข่าวปลอมได้ดำเนินการตรวจสอบข้อเท็จจริงกับสถาบันโรคผิวหนัง กรมการแพทย์ กระทรวงสาธารณสุข พบว่าประเด็นดังกล่าว เป็นข้อมูลจริง,real,covid-19
อย่าแชร์!  ทานเนื้อวัว นมวัว ประจำเลือดมักเป็นกรด จะทำให้เชื้อไวรัสโควิด 19 เจริญเติบโตได้เป็นอย่างดี,"ตามที่มีการเผยแพร่ข้อมูลในสื่อออนไลน์เกี่ยวกับประเด็นด้านสุขภาพเรื่องทานเนื้อวัว นมวัว ประจำเลือดมักเป็นกรด จะทำให้เชื้อไวรัสโควิด 19 เจริญเติบโตได้เป็นอย่างดี ทางศูนย์ต่อต้านข่าวปลอมได้ดำเนินการตรวจสอบข้อเท็จจริงโดยสำนักโภชนาการ กรมอนามัย กระทรวงสาธารณสุข พบว่าประเด็นดังกล่าวนั้น เป็นข้อมูลเท็จ

กรณีการเผยแพร่ข้อมูลว่าผู้ที่ทานเนื้อวัว นมวัวเป็นประจำทำให้เลือดในร่างกายเป็นกรด ซึ่งเมื่อเจอกับเชื้อไวรัสโควิด 19 ทำให้เชื้อเติบโตได้เป็นอย่างดีนั้น ทางสำนักโภชนาการ กรมอนามัย กระทรวงสาธารณสุข ได้ตรวจสอบเรื่องดังกล่าวและชี้แจงว่าความเป็นกรดด่างของเลือด ไม่ได้มีการเปลี่ยนแปลงได้ง่ายด้วยการรับประทานอาหารเพียงอย่างเดียว ระบบการทำงานร่างกายจะมีกลไกการควบคุมอวัยวะในร่างกายให้ทำงานได้ตามปกติ การกินอาหารที่เป็นกรดหรือด่าง จึงไม่สามารถที่จะลดหรือทำลายไวรัสโควิดในร่างกายได้",fake,covid-19
อย่าแชร์! ภาพพนักงานตกงานจำนวนมาก รัฐไม่เยียวยา ต้องนั่งรอรับอาหารฟรี ที่ริมชายหาดพัทยา,"ตามที่มีการเผยแพร่ข่าวสารในสื่อสังคมออนไลน์ว่าภาพพนักงานตกงานจำนวนมาก รัฐไม่เยียวยา ต้องนั่งรอรับอาหารฟรี ที่ริมชายหาดพัทยา ทางศูนย์ต่อต้านข่าวปลอมได้ดำเนินการตรวจสอบข้อเท็จจริงกับสำนักงานปลัดกระทรวงแรงงาน กระทรวงแรงงาน พบว่าประเด็นดังกล่าวนั้น เป็นข้อมูลเท็จ
กรณีการแชร์ข่าวสารในสื่อสังคมออนไลน์ระบุว่าพนักงานจำนวนมากตกงานเนื่องจากบริษัทปิดตัวเลง เจอพิษโควิดไร้การเยียวยาจากรัฐ เลยต้องมานั่งรออาหารจากคนใจดีมามอบให้ ที่ริมชายหาดพัทยานั้น ทางสำนักงานปลัดกระทรวงแรงงาน กระทรวงแรงงาน ได้ตรวจสอบและชี้แจงข้อเท็จจริงว่าข่าวดังกล่าวเป็นข่าวเก่า เมื่อวันที่ 15 -16  มิถุนายน 2564 ที่ผ่านมา โดยมีนักธุรกิจซึ่งเป็นผู้ใจบุญในพื้นที่เมืองพัทยา จังหวัดชลบุรี ได้บริจาคข้าวสาร อาหารแห้ง รวมถึงอาหารกล่องมามอบให้แก่ประชาชนทั่วไปที่ได้รับผลกระทบจากโควิด 19 ที่บริเวณชายหาดพัทยา คนที่มารับอาหารก็มีความหลากหลาย โดยมีเจ้าหน้าที่เทศกิจของเมืองพัทยา มาอำนวยความสะดวกในการจัดระเบียบรักษาระยะห่าง ซึ่งได้มีการดำเนินการมาตั้งแต่ช่วงแรก ๆ ที่มีการแพร่ระบาดของโควิด 19 แล้ว โดยผู้ประสงค์จะนำอาหารมามอบจะต้องแจ้งองค์กรปกครองส่วนท้องถิ่นทราบ เพื่อจะได้ช่วยอำนวยความสะดวกในการจัดระเบียบให้มีการรักษาระยะห่างตามที่สาธารณสุขกำหนด",fake,covid-19
อย่าแชร์! ศาลฎีกายกเลิกการฉีดวัคซีนสากลในสหรัฐอเมริกา,"กรณีการส่งต่อข้อมูลผ่านโซเชียลมีเดียเรื่องศาลฎีกายกเลิกการฉีดวัคซีนสากลในสหรัฐอเมริกา ทางศูนย์ต่อต้านข่าวปลอมได้ดำเนินการตรวจสอบข้อเท็จจริงโดยกรมสารนิเทศ กระทรวงการต่างประเทศ พบว่าประเด็นดังกล่าวนั้น เป็นข้อมูลเท็จ

จากกรณีที่มีข้อมูลระบุว่าศาลฎีกายกเลิกการฉีดวัคซีนสากลในสหรัฐอเมริกา โดยหัวหน้าผู้เชี่ยวชาญด้านโรคิดเชื้อ แพ้คดีในศาลเพราะไม่สามารถพิสูจน์ได้ว่าวัคซีนทั้งหมดของพวกเขาปลอดภัยต่อสุขภาพของประชาชน และไม่ควรฉีดวัคซีนป้องกันโควิด 19 แบบ mRNA  เพราะจะรบกวนสารพันธุกรรมของผู้ป่วยโดยตรง

ทางกรมสารนิเทศ กระทรวงการต่างประเทศ ได้ตรวจสอบและชี้แจงว่า เมื่อวันที่ 19 พ.ค. 2564 สำนักข่าว USA Today ของสหรัฐฯ (USA Today Fact check: False claim about Supreme Court and vaccination) ได้รายงานว่า กรณีข่าวศาลฎีกายกเลิกการฉีดวัคซีนสากลในสหรัฐอเมริกา เป็นข่าวปลอมโดยมีที่มาจากสหรัฐฯ",fake,covid-19
ปตท. ปรับขึ้นราคาน้ำมัน เพื่อชะลอการเดินทางของประชาชน ลดการแพร่ระบาดโควิด 19,"ตามที่มีข้อมูลเผยแพร่ในช่องทางสื่อต่าง ๆ เกี่ยวกับประเด็นเรื่อง ปตท. ปรับขึ้นราคาน้ำมัน เพื่อชะลอการเดินทางของประชาชน ลดการแพร่ระบาดโควิด 19 ทางศูนย์ต่อต้านข่าวปลอมได้ดำเนินการตรวจสอบข้อเท็จจริงโดยบริษัท ปตท. น้ำมันและการค้าปลีก จำกัด (มหาชน) กระทรวง พบว่าประเด็นดังกล่าวนั้น เป็นข้อมูลเท็จ

จากกรณีที่มีการส่งต่อข้อความบนสื่อต่างๆเกี่ยวกับสาเหตุที่ทำให้ราคาน้ำมันขึ้น เพราะทาง ปตท. ได้ร่วมโครงการต้านโควิด 19 การปรับราคาน้ำมันขึ้นอย่างต่อเนื่อง เพื่อต้องการชะลอการเดินทางของประชาชน และลดการแพร่ระบาดโควิด 19 นั้น ทางบริษัท ปตท. น้ำมันและการค้าปลีก จำกัด (มหาชน) กระทรวงพลังงาน ได้ตรวจสอบข้อมูลและชี้แจงว่าเป็นข่าวที่เคยมีการเผยแพร่ไปแล้วเมื่อวันที่ 22 มิ.ย. 2564 ซึ่งการปรับขึ้นราคาน้ำมันในช่วงนั้น เป็นไปตามต้นทุนราคาน้ำมันที่ปรับตัวเพิ่มขึ้น ไม่ได้เกี่ยวข้องกับวัตถุประสงค์เพื่อการชะลอการเดินทางของประชาชนตามที่มีการส่งต่อข้อมูลแต่อย่างใด โดยธุรกิจน้ำมันในประเทศไทยเป็นการค้าเสรีมาตั้งแต่ปี 2534 มีผู้ประกอบการค้าน้ำมันหลายราย โดยผู้ประกอบการค้าน้ำมันทุกรายมีอิสระในการตั้งราคาโดยมีหน่วยงานของรัฐเป็นผู้กำกับดูแล ได้แก่ สำนักงานนโยบายและแผนพลังงาน กระทรวงพลังงาน แนะนำค่าการตลาดที่เหมาะสม และกรมการค้าภายใน กระทรวงพาณิชย์ ควบคุมให้ผู้ค้าขายตามราคาที่ประกาศ",fake,covid-19
รพ. กทม. เปิดช่องทางลงทะเบียนรับยาผู้ป่วยโควิด 19 ทุกสิทธิการรักษา ผ่าน QR Code ,"ตามที่มีการเผยแพร่ข้อมูลข่าวสารในสื่อต่าง ๆ เกี่ยวกับประเด็นเรื่องรพ. กทม. เปิดช่องทางลงทะเบียนรับยาผู้ป่วยโควิด 19 ทุกสิทธิการรักษา ผ่าน QR Code ทางศูนย์ต่อต้านข่าวปลอมได้ดำเนินการตรวจสอบข้อเท็จจริงโดยสำนักงานประชาสัมพันธ์ กรุงเทพมหานคร พบว่าประเด็นดังกล่าวนั้น เป็นข้อมูลจริง
สำนักการแพทย์ กรุงเทพมหานคร เปิดช่องทางการลงทะเบียนรับยาผู้ป่วยโควิด 19 ผ่านทาง QR Code เพื่อความสะดวกรวดเร็วในการมารับยาที่โรงพยาบาลในสังกัดกรุงเทพมหานคร เพื่อลดความแออัด ลดการรอคอยในขณะที่มารับยาที่โรงพยาบาล สำหรับผู้ป่วยโควิด 19 ทุกสิทธิการรักษา ได้ตั้งแต่บัดนี้เป็นต้นไป
1. ลงทะเบียนง่าย ๆ ผ่าน QR Code ด้วยการกรอกข้อมูลชื่อที่อยู่ ประวัติการรักษา ประวัติการฉีดวัคซีนป้องกันโควิด 19 และอาการของผู้ป่วย
2. เลือกโรงพยาบาลในสังกัดกรุงเทพมหานครที่ใกล้บ้าน โดยลงทะเบียนก่อนเวลา 12.00 น. สามารถมารับยาได้ภายใน 16.00 น. วันเดียวกัน กรณีลงทะเบียนหลังเวลา 12.00 น.ให้มารับยาในวันรุ่งขึ้น",real,covid-19
อาการเตือนการติดเชื้อโควิด 19 แบบวันต่อวันจากกระทรวงสาธารณสุข,"ตามที่มีการส่งต่อข้อมูลเกี่ยวกับประเด็นอาการเตือนการติดเชื้อโควิด 19 แบบวันต่อวันจากกระทรวงสาธารณสุข ทางศูนย์ต่อต้านข่าวปลอมได้ดำเนินการตรวจสอบข้อเท็จจริงกับทางสำนักงานปลัดกระทรวงสาธารณสุข กระทรวงสาธารณสุข พบว่าประเด็นดังกล่าวนั้น เป็นข้อมูลเท็จ

กรณีการโพสต์และแชร์ข้อความถึงอาการเตือนของการติดเชื้อโควิด 19 แบบวันต่อวัน และมีการระบุถึงสายพันธุ์ B.1.1.7 พร้อมกล่าวว่าข้อมูลดังกล่าวสรุปจากกระทรวงสาธารณสุขนั้น ทางสำนักงานปลัดกระทรวงสาธารณสุข กระทรวงสาธารณสุข ได้ตรวจสอบแล้วชี้แจงว่ากระทรวงสาธารณสุขไม่ได้เป็นผู้ให้ข้อมูลดังกล่าว และจากการตรวจสอบพบว่าสายพันธุ์ B.1.1.7 ซึ่งก็คือ สายพันธุ์อัลฟาที่เคยระบาดในประเทศไทยเมื่อปี 2564 เป็นการนำข่าวปลอมเดิมกลับมาปรับแต่งแล้วแชร์ใหม่ ขอให้กับประชาชนอย่าหลงเชื่อและควรตรวจสอบข้อมูลก่อนแชร์ทุกครั้ง เพื่อไม่ให้เกิดความตื่นตระหนก",fake,covid-19
สธ. แนะนำให้ฉีดวัคซีนโควิด 19 พร้อมไข้หวัดใหญ่ได้ สามารถช่วยลดความเสี่ยงทั้ง 2 โรคช่วงฤดูฝน,ตามที่มีการเผยแพร่ข้อมูลในสื่อต่าง ๆ เกี่ยวกับประเด็นเรื่องสธ. แนะนำให้ฉีดวัคซีนโควิด 19 พร้อมไข้หวัดใหญ่ได้ สามารถช่วยลดความเสี่ยงทั้ง 2 โรคช่วงฤดูฝน ทางศูนย์ต่อต้านข่าวปลอมได้ดำเนินการตรวจสอบข้อเท็จจริงโดยสำนักงานปลัดกระทรวงสาธารณสุข กระทรวงสาธารณสุข พบว่าประเด็นดังกล่าวนั้น เป็นข้อมูลจริง,real,covid-19
รับประทานใบป่าช้าเหงาผสมน้ำผึ้ง ช่วยรักษาโควิด 19 ได้,"ตามที่ได้มีข้อความเผยแพร่ในสื่อออนไลน์ต่าง ๆ เกี่ยวกับประเด็นเรื่องรับประทานใบป่าช้าเหงาผสมน้ำผึ้ง ช่วยรักษาโควิด 19 ได้ ทางศูนย์ต่อต้านข่าวปลอมได้ตรวจสอบข้อเท็จจริงโดยกรมการแพทย์แผนไทยและการแพทย์ทางเลือก กระทรวงสาธารณสุข พบว่าข้อมูลดังกล่าวนั้น เป็นข้อมูลเท็จ

จากข้อความเผยแพร่ในสื่อสังคมออนไลน์ว่ารับประทานใบป่าช้าเหงาผสมน้ำผึ้ง สามารถช่วยรักษาคนที่ติดเชื้อโควิด 19 ได้นั้น ทางกรมการแพทย์แผนไทยและการแพทย์ทางเลือก กระทรวงสาธารณสุข ได้ตรวจสอบเรื่องดังกล่าวและชี้แจงว่า ขณะนี้ยังไม่พบการศึกษาวิจัยใด ๆ ที่พบว่าใบป่าช้าเหงา หรือหนานเฉาเหว่ย ช่วยรักษาโควิด 19 และห้ามผู้ป่วยโรคโควิด 19 รักษาด้วยวิธีการนี้อย่างเด็ดขาด เนื่องจากยังขาดข้อมูลด้านประสิทธิผลและความปลอดภัย ประกอบกับโรคโควิด 19 เป็นโรคติดต่อที่ร้ายแรง ผู้ป่วยต้องอยู่ในความดูแลของบุคลากรทางการแพทย์เท่านั้น ไม่ควรใช้สมุนไพรโดยข่าวลือที่เชื่อต่อกันมา โดยขาดข้อมูลหลักฐานเชิงประจักษ์ เนื่องจากอาจเป็นอันตรายถึงแก่ชีวิตได้",fake,covid-19
สธ. ลดกักตัวเหลือ 7 วัน และกลับมาทำงานได้โดยช่วง 3 วันแรก ใส่แมสก์ตลอดเวลา ,"ตามที่มีการเผยแพร่ข้อมูลเกี่ยวกับประเด็นเรื่องสธ. ลดกักตัวเหลือ 7 วัน และกลับมาทำงานได้โดยช่วง 3 วันแรก ใส่แมสก์ตลอดเวลา ทางศูนย์ต่อต้านข่าวปลอมได้ดำเนินการตรวจสอบข้อเท็จจริงโดยสำนักงานปลัดกระทรวงสาธารณสุข กระทรวงสาธารณสุข พบว่าประเด็นดังกล่าวนั้น เป็นข้อมูลจริง

กระทรวงสาธารณสุขเผยสถานการณ์โควิดพบ ผู้ป่วยปอดอักเสบ ใส่ท่อช่วยหายใจ และเสียชีวิตเพิ่มขึ้นเล็กน้อย อัตราครองเตียงสูงใน 4 จังหวัด แต่อัตราเสียชีวิตลดลงจากการฉีดวัคซีนกว่า 140 ล้านโดส พบช่วยเซฟชีวิตคนไทยไม่ให้ตายจากโควิดมากถึง 4.9 แสนคน ลดจำนวนผู้ป่วยรุนแรงและลดค่าใช้จ่ายการรักษาอาการหนัก ย้ำภูมิคุ้มกันลดลงตามเวลา ต้องฉีดกระตุ้น เผยแอนติบอดี LAAB ล็อตแรกกำลังจะเข้ามาและเตรียมอบรมการใช้ทั่วประเทศ",real,covid-19
สธ. เพิ่มช่องทางรักษาโควิด 19 กลุ่มผู้ป่วยสีเขียว สแกนหรือโทร – แจก – จบ จริงหรือ,จากสถานการณ์ผู้ติดเชื้อรายใหม่ที่เพิ่มขึ้นในช่วงนี้ นายอนุทิน ชาญวีรกูล รองนายกรัฐมนตรีและรัฐมนตรีว่าการกระทรวงสาธารณสุข พร้อมด้วยดร.สาธิต ปิตุเตชะ รัฐมนตรีช่วยว่าการกระทรวงสาธารณสุข ได้มอบหมายให้กรมการแพทย์ประสานงานการบริหารจัดการการรักษาร่วมกับกรุงเทพมหานครและหน่วยงานเครือข่ายต่าง ๆ ได้แก่ โรงพยาบาลภาคีเครือข่าย UHosNeT กรุงเทพมหานคร กลาโหม โรงพยาบาลเอกชน ภาคประชาสังคมและหน่วยงานที่เกี่ยวข้อง ทั้งนี้ กรมการแพทย์ได้ต่อยอดระบบการดูแลจากเดิมเจอ – แจก – จบ สู่ สแกน (หรือโทร) – แจก – จบ ซึ่งเป็นการจัดทำ QR code หรือโทรศัพท์,real,covid-19
อย. อนุมัติใช้ยาฉีด Evusheld ป้องกันโควิด 19 สำหรับผู้ไม่สามารถรับวัคซีนได้ จริงหรือ,"ตามที่มีการเผยแพร่ข้อมูลเกี่ยวกับประเด็นอย. อนุมัติใช้ยาฉีด Evusheld ป้องกันโควิด 19 สำหรับผู้ไม่สามารถรับวัคซีนได้ ทางศูนย์ต่อต้านข่าวปลอมได้ดำเนินการตรวจสอบข้อเท็จจริงโดยสำนักงานคณะกรรมการอาหารและยา กระทรวงสาธารณสุข พบว่าประเด็นดังกล่าวนั้น เป็นข้อมูลจริง

สำนักงานคณะกรรมการอาหารและยา (อย.) ได้อนุมัติขึ้นทะเบียนยา Evusheld ของบริษัท แอสตร้าเซนเนก้า จำกัด ภายใต้การอนุญาตแบบมีเงื่อนไขในสถานการณ์ฉุกเฉิน เมื่อวันที่ 27 มิถุนายน 2565 ซึ่งยา Evusheld เป็นยาในกลุ่มโมโนโคลนอลแอนติบอดี ที่ใช้เพื่อป้องกันโรคโควิด 19 แต่ไม่ได้ใช้สำหรับการรักษาแต่อย่างใด และไม่ได้นำมาใช้แทนที่การสร้างภูมิคุ้มกันจากการฉีดวัคซีน โดยยานี้สามารถใช้ได้ในกลุ่มผู้ใหญ่และวัยรุ่นที่มีอายุตั้งแต่ 12 ปีขึ้นไป ที่มีน้ำหนักตัวอย่างน้อย 40 กิโลกรัม",real,covid-19
เครื่องตรวจวัดออกซิเจนในเลือดที่ปลายนิ้ว ใช้ตรวจหาเชื้อโควิด 19 ในร่างกายได้,"ตามที่มีข้อความแนะนำปรากฏในสื่อต่างๆ เกี่ยวกับประเด็นเรื่องเครื่องตรวจวัดออกซิเจนในเลือดที่ปลายนิ้ว ใช้ตรวจหาเชื้อโควิด 19 ในร่างกายได้ ทางศูนย์ต่อต้านข่าวปลอมได้ดำเนินการตรวจสอบข้อเท็จจริงกับสำนักงานคณะกรรมการอาหารและยา (อย.) กระทรวงสาธารณสุข พบว่าประเด็นดังกล่าวนั้น เป็นข้อมูลเท็จ

จากกรณีที่มีการแนะนำให้ประชาชนซื้อชุดตรวจวัดออกซิเจนในเลือดที่ปลายนิ้วมาติดไว้ที่บ้าน เพื่อวัดระดับออกซิเจนในร่างกาย และตรวจว่าตนเองติดเชื้อโควิด 19 หรือไม่นั้น ทางสำนักงานคณะกรรมการอาหารและยา (อย.) กระทรวงสาธารณสุข ได้ตรวจสอบและชี้แจงว่าเครื่องตรวจวัดออกซิเจนในเลือดที่ปลายนิ้ว ไม่ใช่เครื่องมือที่ใช้ในการวินิจฉัยยืนยันการติดเชื้อโควิด 19 แต่ใช้ตรวจวัดระดับออกซิเจนในเลือดของร่างกายและอัตราการเต้นของหัวใจ เพื่อประเมินสภาวะผิดปกติของร่างกายหรือติดตามอาการของผู้ป่วย",fake,covid-19
วิธีป้องกันโควิด 19 ด้วยการรักษาความชุ่มชื้นของเยื่อเมือกลำคอ,จากที่มีการแชร์ข้อความถึงวิธีการป้องกันเชื้อโควิด 19 ด้วยวิธีดื่มน้ำเยอะๆ เพื่อให้รักษาความชุ่มชื้นของเยื่อเมือกลำคอ เพราะถ้าเยื่อเมือกลำคอแห้ง เชื้อโรคจะเข้าสู่ร่างกายได้ ทางกรมควบคุมโรค กระทรวงสาธารณสุข ได้ชี้แจงว่า ปัจจุบันยังไม่มีข้อเท็จจริงทางการแพทย์ยืนยันเรื่องดังกล่าว และการติดเชื้อไม่เกี่ยวข้องกับการที่ลำคอแห้งหรือลำคอไม่แห้ง ,fake,covid-19
อภ. จัดส่งยาฟาวิพิราเวียร์ จำนวน 25 ล้านเม็ด เพื่อรองรับการระบาดโรคโควิด 19,"ตามที่มีข้อมูลในสื่อสังคมออนไลน์ถึงประเด็นเรื่องอภ. จัดส่งยาฟาวิพิราเวียร์ จำนวน 25 ล้านเม็ด เพื่อรองรับการระบาดโรคโควิด 19 ทางศูนย์ต่อต้านข่าวปลอมได้ดำเนินการตรวจสอบข้อเท็จจริงกับองค์การเภสัชกรรม กระทรวงสาธารณสุข พบว่าประเด็นดังกล่าวนั้น เป็นข้อมูลจริง

องค์การเภสัชกรรมได้มีการบริหารจัดการสำรอง “ยาฟาวิพิราเวียร์” (Favipiravir) เพื่อรองรับกับสถานการณ์การระบาดโรคโควิด 19 จำนวน 25 ล้านเม็ด โดยได้ดำเนินการจัดส่งกระจายตามการจัดสรรให้กับหน่วยบริการแม่ข่ายตามการจัดสรรของศูนย์ PHEOC อย่างต่อเนื่องทุกวันไม่เว้นวันหยุด หลังจากนั้นหน่วยงานแม่ข่ายจะทำการบริหารจัดการและกระจายให้แก่หน่วยบริการลูกข่ายในแต่ละพื้นที่ต่อไป  ",real,covid-19
สปสช. ร่วมมือกับแอปฯ กู๊ด ดอกเตอร์ และMorDee (หมอดี) เพื่อดูแลผู้ป่วยโควิด 19 กลุ่มสีเขียว ,"ตามที่มีการประชาสัมพันธ์ส่งต่อข้อมูลเรื่องสปสช. ร่วมมือกับแอปฯ กู๊ด ดอกเตอร์ และMorDee (หมอดี) เพื่อดูแลผู้ป่วยโควิด 19 กลุ่มสีเขียว ทางศูนย์ต่อต้านข่าวปลอมได้ดำเนินการตรวจสอบข้อเท็จจริงโดยสำนักงานหลักประกันสุขภาพแห่งชาติ กระทรวงสาธารณสุข พบว่าประเด็นดังกล่าวนั้น เป็นข้อมูลจริง

สปสช. จับมือ แอป “กู๊ด ดอกเตอร์” และแอป “MorDee (หมอดี)” ร่วมดูแลผู้ติดเชื้อโควิด 19 กลุ่มสีเขียว สิทธิบัตรทอง 30 บาท เฉพาะ กทม.และปริมณฑล รับการรักษาแบบ“ผู้ป่วยนอกและแยกกักตัวที่บ้าน” ผ่านบริการการแพทย์ทางไกล หากตรวจ ATK ผลเป็น 2 ขีด ลงทะเบียนเลือกเข้ารับบริการ เพื่อพบแพทย์ผ่านออนไลน์ ซักถามและจ่ายยาตามอาการ ให้คำแนะนำการใช้ยารักษาโควิด 19 พร้อมจัดส่งถึงบ้าน ฟรี ไม่เสียค่าใช้จ่าย รับบริการได้แล้ววันนี้",real,covid-19
กทม. เตรียมให้แต่ละเขตเปิดศูนย์พักคอย และแผนสำรองยาเพื่อรองรับผู้ติดเชื้อโควิด 19 ,"ตามที่มีข้อมูลในสื่อต่าง ๆ เกี่ยวกับประเด็นเรื่องกทม. เตรียมให้แต่ละเขตเปิดศูนย์พักคอย และแผนสำรองยาเพื่อรองรับผู้ติดเชื้อโควิด 19 ทางศูนย์ต่อต้านข่าวปลอมได้ดำเนินการตรวจสอบข้อเท็จจริงโดยสำนักงานประชาสัมพันธ์ กรุงเทพมหานคร พบว่าประเด็นดังกล่าวนั้น เป็นข้อมูลจริง

กทม. ได้เตรียมพร้อมศักยภาพสถานพยาบาลในสังกัดเพื่อรองรับผู้ป่วยโควิด 19 ที่อาจจะเพิ่มขึ้นมาอีกครั้งใน 2 – 3 วันข้างหน้า โดยเตรียมพร้อมทั้งระบบรับ – ส่งผู้ป่วยผ่านสายด่วนศูนย์เอราวัณ 1669 การสำรองยา การเตรียมเตียง โดยในพื้นที่ส่วนกลางขณะนี้มีจำนวนผู้ป่วยสูงขึ้นทำให้รพ. กลาง และรพ. ตากสินมีอัตราครองเตียงของผู้ป่วยหนาแน่น ดังนั้นผู้ป่วยที่อาศัยในพื้นที่ส่วนกลางของกทม. จะถูกส่งตัวไปรักษายังรพ. กทม. รอบนอก ซึ่งพร้อมในการดูแลต่อไป กรณีที่ประชาชนตรวจแล้วพบว่าติดเชื้อ หรือสงสัยว่าจะติดเชื้อให้ไปที่ศูนย์บริการสาธารณสุขในพื้นที่หรือคลินิกอบอุ่นใกล้บ้าน เพื่อรับยาตามอาการ และกลับไปดูแลตัวเองที่บ้าน แต่หากเกรงว่าจะนำไปติดที่บ้านก็ต้องเตรียมพร้อม CI ทุกเขตที่ Stand by ไว้ ก็ต้องพร้อมเปิดใช้งาน และเมื่ออาการหนัก ก็ให้โทรประสานสายด่วน 1669 เพื่อประเมินและนำส่งรพ. ให้",real,covid-19
กรมวิทย์ฯ เฝ้าระวังโควิดสายพันธ์ุ BA.4 – BA.5 แพร่เชื้อเร็ว และหลบภูมิฯ ระบาดพื้นที่ในไทย 51 %,กระทรวงสาธารณสุขเผยสัดส่วนโอมิครอน BA.4/BA.5 ในประเทศไทยเพิ่มขึ้น พบประมาณ 51% แต่ยังไม่พบความรุนแรงมากขึ้น ผู้ป่วยในโรงพยาบาลเพิ่มขึ้นอาจมาจากการติดเชื้อที่มากขึ้น ขณะที่สัดส่วน BA.4/BA.5 ในผู้ป่วยปอดอักเสบและใส่ท่อช่วยหายไม่ได้แตกต่างจากผู้ป่วยกลุ่มอื่น แม้กลุ่มตัวอย่างยังน้อย จึงขอให้โรงพยาบาลส่งตรวจมากขึ้น ย้ำสวมหน้ากาก ล้างมือ เว้นระยะห่าง ฉีดวัคซีนเข็มกระตุ้นช่วยสู้กับเชื้อได้,real,covid-19
หมอพร้อมเพิ่ม 2 ฟังก์ชันใหม่ ประเมินภาวะลองโควิดและตรวจสุขภาพใจ จริงหรือ,"ตามที่มีข้อมูลในสื่อต่าง ๆ เกี่ยวกับประเด็นเรื่องหมอพร้อมเพิ่ม 2 ฟังก์ชันใหม่ ประเมินภาวะลองโควิดและตรวจสุขภาพใจ ทางศูนย์ต่อต้านข่าวปลอมได้ดำเนินการตรวจสอบข้อเท็จจริงโดยกรมการแพทย์ กระทรวงสาธารณสุข พบว่าประเด็นดังกล่าวนั้น เป็นข้อมูลจริง
กระทรวงสาธารณสุข พัฒนาแพลตฟอร์ม “หมอพร้อม” เป็น Digital Health Platform ของประเทศไทย เพื่อให้บริการด้านสุขภาพดิจิทัลแก่ประชาชน ปัจจุบันมีการให้บริการข้อมูลเกี่ยวกับวัคซีนโควิด 19 การตรวจหาเชื้อโควิด 19 การออกเอกสารรับรองโควิดตามมาตรฐานสหภาพยุโรป และการออกใบรับรองแพทย์ดิจิทัล เป็นต้น โดยจะมีการพัฒนาอย่างต่อเนื่อง เพื่อให้แพลตฟอร์มหมอพร้อมมีความสมบูรณ์และบริการที่ครอบคลุมมากขึ้น ทั้งนี้ กระทรวงสาธารณสุขเห็นว่า ช่วงการแพร่ระบาดของโรคโควิด 19 ที่ผ่านมา ทำให้มีผู้ติดเชื้อเป็นจำนวนมาก ผู้ป่วยหลายคนที่รักษาหายแล้วยังเผชิญกับอาการป่วยจากโควิด 19 ที่หลงเหลืออยู่หรือภาวะ “ลองโควิด” ขณะที่บางส่วนได้รับผลกระทบทางด้านจิตใจ จึงพัฒนาฟังก์ชันในหมอพร้อมเพิ่ม",real,covid-19
บอร์ดสปสช. เตรียมยกเลิกระบบรักษาตัวที่บ้าน Home Isolation หากโควิดเข้าโรคประจำถิ่น,"ตามที่มีการเผยแพร่ข้อมูลเกี่ยวกับเรื่องบอร์ดสปสช. เตรียมยกเลิกระบบรักษาตัวที่บ้าน Home Isolation หากโควิดเข้าโรคประจำถิ่น ทางศูนย์ต่อต้านข่าวปลอมได้ดำเนินการตรวจสอบข้อเท็จจริงโดยสำนักงานหลักประกันสุขภาพแห่งชาติ กระทรวงสาธารณสุข พบว่าประเด็นดังกล่าวนั้น เป็นข้อมูลจริง

สปสช. เตรียมเสนอคณะกรรมการหลักประกันสุขภาพแห่งชาติ (บอร์ด สปสช.) ยกเลิกระบบการรักษาที่บ้าน เนื่องจากปัจจุบันโรคไม่รุนแรง และประชาชนหันมารักษาแบบผู้ป่วยนอกมากขึ้น แต่ขึ้นอยู่กับแนวทางการรักษาของกรมการแพทย์ด้วย ซึ่งสปสช. มีความพร้อมโดยเตรียมมาตรการทางการเงินให้สอดคล้องกับบริการที่เปลี่ยนไป และเป็นไปตามการดูแลผู้ป่วยโควิดหลังเข้าสู่โรคประจำถิ่น โดยผู้ที่ติดเชื้อโควิดจะได้รับการดูแลตามสิทธิสุขภาพของตน และไม่เสียค่าใช้จ่ายเหมือนเดิม เพราะแต่ละกองทุนก็ต้องเข้ามาดูแล",real,covid-19
คนไทยไม่ต้องยื่นใบรับรองฉีดวัคซีนโควิด 19 ก่อนเข้าญี่ปุ่น เนื่องจากไทยอยู่ในกลุ่มสีน้ำเงิน ,ตามที่มีการเผยแพร่ข้อมูลในสื่อออนไลน์เกี่ยวกับประเด็นเรื่องคนไทยไม่ต้องยื่นใบรับรองฉีดวัคซีนโควิด 19 ก่อนเข้าญี่ปุ่น เนื่องจากไทยอยู่ในกลุ่มสีน้ำเงิน ทางศูนย์ต่อต้านข่าวปลอมได้ดำเนินการตรวจสอบข้อเท็จจริงกับทางกรมสารนิเทศ กระทรวงการต่างประเทศ พบว่าประเด็นดังกล่าวนั้น เป็นข้อมูลจริง,real,covid-19
รพ. เตรียมพร้อมกลับเข้าสู่ระบบรักษาปกติ เนื่องจากแนวโน้มผู้ป่วยโควิด 19 ดีขึ้น,ขณะนี้สถานการณ์เริ่มทรงตัว และมีการรักษาที่บ้านมากขึ้น ทำให้หลายสถานพยาบาลทยอยยุบวอร์ดโควิด 19 ลงและกลับมารักษาผู้ป่วยโรคอื่น ๆ และทำการรักษาผ่าตัดมากยิ่งขึ้น เช่น โรงพยาบาลเลิดสิน มีการรายงานว่า  ผู้ป่วยโควิด 19 ลดลง โดยเฉพาะในโรงพยาบาลสนามที่เตรียมเตียงไว้ 200 กว่าเตียง ตอนนี้มีผู้ป่วย เพียง 30-40 คน ที่ดูแลผู้ป่วยโควิดในกลุ่มสีเหลืองและสีแดง โดยตั้งแต่เมื่อวันที่ 1 พฤษภาคม ที่ผ่านมา โรงพยาบาลเลิดสินได้งดรับผู้ป่วยโควิด ที่เข้ารพ.สนาม และไปใช้รูปแบบการส่งต่อการรักษาผู้ป่วยตามสิทธิ์ คาดว่าภายใน 1-2 สัปดาห์นี้ จะมีการปรับการรักษาเข้าสู่ระบบปกติ  แต่อยู่ภายใต้เงื่อนไขไม่มีการระบาดโควิด 19 ที่รุนแรงหรือพบเชื้อกลายพันธุ์ เช่นเดียวกับสถานพยาบาลอื่นที่ได้มีการปรับลดการดูแลผู้ป่วยโควิด 19 ในโรงพยาบาลลง ซึ่งแต่ละโรงพยาบาลได้มีห้องไอซียูใช้รองรับผู้ป่วยทั่วไป แต่ยังมีการติดตามสถานการณ์โควิดอย่างต่อเนื่อง เนื่องจากขณะนี้ เริ่มพบเชื้อโควิดกลายพันธุ์ สายพันธุย่อยในบางประเทศที่ยังถูกระบุให้เป็นโรคติดต่ออันตรายอยู่,real,covid-19
ผบ.สส. ยืนยันยังไม่มีเคอร์ฟิว แต่ย้ำว่าเชื้อโรคไม่มีเวลาหยุด,"ตามที่มีข่าวปรากฏในสื่อต่าง ๆ เกี่ยวกับประเด็นเรื่อง พล.อ. พรพิพัฒน์ เบญญศรี ผู้บัญชาการทหารสูงสุด (ผบ.สส.) ยืนยันยังไม่มีเคอร์ฟิว แต่ย้ำว่าเชื้อโรคไม่มีเวลาหยุด ทางศูนย์ต่อต้านข่าวปลอมได้ดำเนินการตรวจสอบข้อเท็จจริงจากแถลงของ พล.อ. พรพิพัฒน์ เบญญศรี ผู้บัญชาการทหารสูงสุด (ผบ.สส.)  ที่ศูนย์ข้อมูล COVID-19 ทำเนียบรัฐบาล เมื่อวันที่ 26 มีนาคม 2563 พบว่า ผบ.สส. ได้พูดจริง ประเด็นดังกล่าวจึง เป็นข้อมูลจริง 

จากการแถลงข่าวเมื่อวันที่ 26 มีนาคม 2563 (https://www.facebook.com/LiveNBT2HD/videos/2684319341667124/UzpfSTI1OTMxMzc4MDc1MzAwNjozOTAyODY1OTU5NzMxMDg1/) ผบ.สส. ได้กล่าวว่า “หลายประเทศในโลกเคอร์ฟิว ซึ่งหมายถึงการห้ามออกนอกบ้านยามวิกาล ถ้าปิดประเทศก็คือ การ Lockdown ไป ปิดกิจการทั้งตลอด 24 ชั่วโมง สิ่งสำคัญก็คือ เชื้อโรคไม่ได้ปิดกิจการ ไม่ว่าจะเป็นกลางวันหรือกลางคืน มีหลายท่านถามว่าจะเคอร์ฟิวไหม ถ้าเคอร์ฟิวกลางคืน 3 ทุ่ม-ตีห้า แล้วกลางวันท่านยังสัญจรไปมา มีค่าเท่ากัน เพราะเชื้อโรคก็ยังคงทำงานเวลากลางวัน สิ่งที่จะเป็นไปได้ก่อนที่จะไปถึงมาตรการสูงสุด คือการ Lockdown มีหลายอย่างที่เราสามารถทำได้”",real,covid-19
กรมการขนส่งทางบก งดอบรมต่ออายุ ทำใบขับขี่ใหม่ทุกชนิด ทั่วประเทศ ไม่มีกำหนด ,"ตามที่มีข่าวปรากฏในสื่อต่างๆ เกี่ยวกับประเด็นเรื่องกรมการขนส่งทางบก งดอบรมต่ออายุ ทำใบขับขี่ใหม่ทุกชนิด ทั่วประเทศ ไม่มีกำหนด ทางศูนย์ต่อต้านข่าวปลอมได้ดำเนินการตรวจสอบข้อเท็จจริงโดยกรมการขนส่งทางบก กระทรวงคมนาคม พบว่าประเด็นดังกล่าวนั้น เป็นข้อมูลจริง

จากการพบผู้ติดเชื้อไวรัสโควิด-19 ในประเทศไทยระลอกใหม่ ซึ่งมีการแพร่ระบาดเป็นวงกว้างเกิดขึ้นในหลายจังหวัดของประเทศไทย เพื่อเป็นการป้องกันการแพร่ระบาด กรมการขนส่งทางบก จึงงดการให้บริการด้านใบอนุญาตขับรถเฉพาะบางกิจกรรมที่ต้องเข้ารับการอบรมและทดสอบ ณ สำนักงานขนส่ง ตั้งแต่วันที่ 2 มกราคม 2564 เป็นต้นไป",real,covid-19
ครม. เห็นชอบจัดซื้อวัคซีนแอสตร้าเซนเนก้า เพิ่ม 4 แสนโดส,"ตามที่มีการเผยแพร่ข่าวสารในสื่อต่าง ๆ เกี่ยวกับประเด็นเรื่อง ครม. เห็นชอบจัดซื้อวัคซีนแอสตร้าเซนเนก้า เพิ่ม 4 แสนโดส ทางศูนย์ต่อต้านข่าวปลอมได้ดำเนินการตรวจสอบข้อเท็จจริงโดย กรมประชาสัมพันธ์ สำนักนายกรัฐมนตรี พบว่าประเด็นดังกล่าวนั้น เป็นข้อมูลจริง
เมื่อวันที่ 5 ต.ค. 64 คณะรัฐมนตรี (ครม.) มีมติเห็นชอบให้กรมควบคุมโรค กระทรวงสาธารณสุข ดำเนินการจัดซื้อวัคซีนป้องกันโควิด-19 ของ AstraZeneca จากฮังการี จำนวน 400,000 โดส และมีมติเห็นชอบรับการสนับสนุนวัคซีน จากไอซ์แลนด์และเยอรมนี โดยไอซ์แลนด์มีความประสงค์ที่จะให้การสนับสนุนบริจาควัคซีนให้กับไทย โดยจะบริจาควัคซีน Pfizer จำนวน 100,000 โดส เยอรมนีจะให้การสนับสนุนบริจาควัคซีน AstraZeneca จำนวน 346,100 โดส",real,covid-19
ศูนย์ฉีดวัคซีนกลางบางซื่อ เปิดให้ประชาชนลงทะเบียนฉีดไฟเซอร์-โมเดอร์นาฟรี ผ่าน 4 เครือข่ายมือถือ ,"ตามที่มีการเผยแพร่ข้อมูลในสื่อต่างๆ ประเด็นเรื่อง ศูนย์ฉีดวัคซีนกลางบางซื่อ เปิดให้ประชาชนลงทะเบียนฉีดไฟเซอร์-โมเดอร์นาฟรี ผ่าน 4 เครือข่ายมือถือ ทางศูนย์ต่อต้านข่าวปลอมได้ดำเนินการตรวจสอบข้อเท็จจริงโดย กรมการแพทย์ กระทรวงสาธารณสุข พบว่าประเด็นดังกล่าวนั้น เป็นข้อมูลจริง

ศูนย์ฉีดวัคซีนกลางบางซื่อปรับเปลี่ยนชนิดวัคซีนหลักที่ให้บริการในเข็มต่างๆ ดังนี้ เข็มที่ 1, 2, 3 เป็นชนิดวัคซีน Pfizer และ / หรือ Moderna ขึ้นอยู่กับชนิดวัคซีนที่ได้รับจัดสรรในแต่ละวัน โดยสำหรับผู้ที่ยังต้องการได้รับวัคซีนชนิด AstraZeneca หรือ Sinovac โปรดแจ้งเจ้าหน้าที่ก่อนรับบริการฉีดวัคซีน ทั้งนี้ ผู้รับบริการฉีดวัคซีนที่เป็นเด็กอายุ  12 – 18 ปี จะให้บริการเป็นชนิดวัคซีน Pfizer เท่านั้น เริ่มลงทะเบียนตั้งแต่ 26 พ.ย. เป็นต้นไป",real,covid-19
